,activity_type,weight,productId,profileId,userId,_id
0,dislike,0,65b93ee782c661c2f5632695,test_profile_id0,test_user_id0,temp_activity_id
1,liked,1,65dee51c9bef090bb07b07ca,test_profile_id0,test_user_id0,temp_activity_id
2,liked,1,65dee84e9bef090bb07b095c,test_profile_id0,test_user_id0,temp_activity_id
3,liked,1,65e6e770042ac4899afe250b,test_profile_id0,test_user_id0,temp_activity_id
4,liked,1,65dee51c9bef090bb07b0746,test_profile_id0,test_user_id0,temp_activity_id
5,liked,1,65defc71216e2e3b3c059777,test_profile_id0,test_user_id0,temp_activity_id
6,loved,2,65dedb689bef090bb07b04e5,test_profile_id0,test_user_id0,temp_activity_id
7,loved,2,65dedb689bef090bb07b04a3,test_profile_id0,test_user_id0,temp_activity_id
8,loved,2,65dedb689bef090bb07b04be,test_profile_id0,test_user_id0,temp_activity_id
9,loved,2,65dedb689bef090bb07b04b3,test_profile_id0,test_user_id0,temp_activity_id
10,saved,3,65dedb689bef090bb07b04be,test_profile_id0,test_user_id0,temp_activity_id
11,bought,4,65dedb689bef090bb07b04be,test_profile_id0,test_user_id0,temp_activity_id
12,dislike,0,65deec86216e2e3b3c05942d,test_profile_id1,test_user_id1,temp_activity_id
13,dislike,0,65d732fca345eb4b3e1a8f76,test_profile_id1,test_user_id1,temp_activity_id
14,liked,1,65deec86216e2e3b3c059469,test_profile_id1,test_user_id1,temp_activity_id
15,liked,1,65dedb689bef090bb07b04d7,test_profile_id1,test_user_id1,temp_activity_id
16,liked,1,65dee51c9bef090bb07b07b0,test_profile_id1,test_user_id1,temp_activity_id
17,liked,1,65dedb689bef090bb07b04d7,test_profile_id1,test_user_id1,temp_activity_id
18,liked,1,65b93e0f82c661c2f5632685,test_profile_id1,test_user_id1,temp_activity_id
19,loved,2,65d732fca345eb4b3e1a8f76,test_profile_id1,test_user_id1,temp_activity_id
20,loved,2,65dee84e9bef090bb07b0959,test_profile_id1,test_user_id1,temp_activity_id
21,loved,2,65e5af2a461f5cefaf874582,test_profile_id1,test_user_id1,temp_activity_id
22,loved,2,65defc71216e2e3b3c05973c,test_profile_id1,test_user_id1,temp_activity_id
23,saved,3,65e5af2a461f5cefaf874582,test_profile_id1,test_user_id1,temp_activity_id
24,saved,3,65e5af2a461f5cefaf874582,test_profile_id1,test_user_id1,temp_activity_id
25,bought,4,65dee84e9bef090bb07b0959,test_profile_id1,test_user_id1,temp_activity_id
26,dislike,0,65def76b216e2e3b3c0595cc,test_profile_id2,test_user_id2,temp_activity_id
27,dislike,0,65dee51c9bef090bb07b0776,test_profile_id2,test_user_id2,temp_activity_id
28,liked,1,65dee51c9bef090bb07b0764,test_profile_id2,test_user_id2,temp_activity_id
29,liked,1,65dee51c9bef090bb07b0776,test_profile_id2,test_user_id2,temp_activity_id
30,liked,1,65dee51c9bef090bb07b0761,test_profile_id2,test_user_id2,temp_activity_id
31,liked,1,65def76b216e2e3b3c0595cc,test_profile_id2,test_user_id2,temp_activity_id
32,liked,1,65dee84e9bef090bb07b0967,test_profile_id2,test_user_id2,temp_activity_id
33,liked,1,65b355bd6932958a4f56f45b,test_profile_id2,test_user_id2,temp_activity_id
34,liked,1,65dee84e9bef090bb07b0967,test_profile_id2,test_user_id2,temp_activity_id
35,loved,2,65dee84e9bef090bb07b0957,test_profile_id2,test_user_id2,temp_activity_id
36,saved,3,65dee51c9bef090bb07b0766,test_profile_id2,test_user_id2,temp_activity_id
37,saved,3,65dee51c9bef090bb07b0740,test_profile_id2,test_user_id2,temp_activity_id
38,bought,4,65dee51c9bef090bb07b0761,test_profile_id2,test_user_id2,temp_activity_id
39,dislike,0,65def76b216e2e3b3c059584,test_profile_id3,test_user_id3,temp_activity_id
40,liked,1,65df0916216e2e3b3c059b16,test_profile_id3,test_user_id3,temp_activity_id
41,liked,1,65deec86216e2e3b3c059461,test_profile_id3,test_user_id3,temp_activity_id
42,liked,1,65d5f6efe1dfe9c4ae7f556c,test_profile_id3,test_user_id3,temp_activity_id
43,liked,1,65d5f6efe1dfe9c4ae7f556e,test_profile_id3,test_user_id3,temp_activity_id
44,liked,1,65defe2e216e2e3b3c0598c9,test_profile_id3,test_user_id3,temp_activity_id
45,liked,1,65d5f6efe1dfe9c4ae7f556e,test_profile_id3,test_user_id3,temp_activity_id
46,liked,1,65df0916216e2e3b3c059b04,test_profile_id3,test_user_id3,temp_activity_id
47,loved,2,65d5f6efe1dfe9c4ae7f5569,test_profile_id3,test_user_id3,temp_activity_id
48,saved,3,65b361366932958a4f56f4ba,test_profile_id3,test_user_id3,temp_activity_id
49,saved,3,65defe2e216e2e3b3c0598c9,test_profile_id3,test_user_id3,temp_activity_id
50,saved,3,65e6e5d3042ac4899afe24e5,test_profile_id3,test_user_id3,temp_activity_id
51,bought,4,65defe2e216e2e3b3c0598c9,test_profile_id3,test_user_id3,temp_activity_id
52,dislike,0,65dedf939bef090bb07b05f3,test_profile_id4,test_user_id4,temp_activity_id
53,dislike,0,65b9377882c661c2f56325fd,test_profile_id4,test_user_id4,temp_activity_id
54,liked,1,65dee51c9bef090bb07b0752,test_profile_id4,test_user_id4,temp_activity_id
55,liked,1,65d73d213d9a9d73e2d1b213,test_profile_id4,test_user_id4,temp_activity_id
56,liked,1,65deec86216e2e3b3c059438,test_profile_id4,test_user_id4,temp_activity_id
57,liked,1,65dedf939bef090bb07b0618,test_profile_id4,test_user_id4,temp_activity_id
58,liked,1,65d5f6efe1dfe9c4ae7f5557,test_profile_id4,test_user_id4,temp_activity_id
59,liked,1,65dedf939bef090bb07b05f3,test_profile_id4,test_user_id4,temp_activity_id
60,loved,2,65dee84e9bef090bb07b0962,test_profile_id4,test_user_id4,temp_activity_id
61,saved,3,65dedb689bef090bb07b04c9,test_profile_id4,test_user_id4,temp_activity_id
62,bought,4,65dedf939bef090bb07b0618,test_profile_id4,test_user_id4,temp_activity_id
63,dislike,0,65dedb699bef090bb07b04fb,test_profile_id5,test_user_id5,temp_activity_id
64,dislike,0,65defc71216e2e3b3c05973a,test_profile_id5,test_user_id5,temp_activity_id
65,liked,1,65dedb699bef090bb07b04ef,test_profile_id5,test_user_id5,temp_activity_id
66,loved,2,65dedb699bef090bb07b04f3,test_profile_id5,test_user_id5,temp_activity_id
67,loved,2,65dedb689bef090bb07b04e6,test_profile_id5,test_user_id5,temp_activity_id
68,loved,2,65dedb699bef090bb07b04f3,test_profile_id5,test_user_id5,temp_activity_id
69,saved,3,65dedb699bef090bb07b04ee,test_profile_id5,test_user_id5,temp_activity_id
70,saved,3,65dedb699bef090bb07b04f8,test_profile_id5,test_user_id5,temp_activity_id
71,saved,3,65dedb699bef090bb07b04ec,test_profile_id5,test_user_id5,temp_activity_id
72,saved,3,65dedb699bef090bb07b04f3,test_profile_id5,test_user_id5,temp_activity_id
73,bought,4,65dedb699bef090bb07b04f3,test_profile_id5,test_user_id5,temp_activity_id
74,dislike,0,65df02c3216e2e3b3c059981,test_profile_id6,test_user_id6,temp_activity_id
75,liked,1,65dee84e9bef090bb07b098f,test_profile_id6,test_user_id6,temp_activity_id
76,liked,1,65d732fca345eb4b3e1a8f5b,test_profile_id6,test_user_id6,temp_activity_id
77,loved,2,65dee84e9bef090bb07b098f,test_profile_id6,test_user_id6,temp_activity_id
78,saved,3,65dee51c9bef090bb07b076d,test_profile_id6,test_user_id6,temp_activity_id
79,saved,3,65dee51c9bef090bb07b076d,test_profile_id6,test_user_id6,temp_activity_id
80,saved,3,65defc71216e2e3b3c059737,test_profile_id6,test_user_id6,temp_activity_id
81,saved,3,65d732fca345eb4b3e1a8fa4,test_profile_id6,test_user_id6,temp_activity_id
82,bought,4,65dee84e9bef090bb07b098f,test_profile_id6,test_user_id6,temp_activity_id
83,dislike,0,65def76b216e2e3b3c059583,test_profile_id7,test_user_id7,temp_activity_id
84,liked,1,65def76b216e2e3b3c0595a9,test_profile_id7,test_user_id7,temp_activity_id
85,liked,1,65dee51c9bef090bb07b0768,test_profile_id7,test_user_id7,temp_activity_id
86,loved,2,65dee51c9bef090bb07b0768,test_profile_id7,test_user_id7,temp_activity_id
87,saved,3,65dee51c9bef090bb07b0768,test_profile_id7,test_user_id7,temp_activity_id
88,bought,4,65defc71216e2e3b3c059746,test_profile_id7,test_user_id7,temp_activity_id
89,dislike,0,65dedb689bef090bb07b04c8,test_profile_id8,test_user_id8,temp_activity_id
90,liked,1,65d732fca345eb4b3e1a8fca,test_profile_id8,test_user_id8,temp_activity_id
91,liked,1,65d732fca345eb4b3e1a8fbb,test_profile_id8,test_user_id8,temp_activity_id
92,liked,1,65dee51c9bef090bb07b07b6,test_profile_id8,test_user_id8,temp_activity_id
93,liked,1,65d732fca345eb4b3e1a8fb2,test_profile_id8,test_user_id8,temp_activity_id
94,liked,1,65d732fca345eb4b3e1a8fca,test_profile_id8,test_user_id8,temp_activity_id
95,liked,1,65d732fca345eb4b3e1a8fb5,test_profile_id8,test_user_id8,temp_activity_id
96,liked,1,65d732fca345eb4b3e1a8fc7,test_profile_id8,test_user_id8,temp_activity_id
97,loved,2,65c25e8ab70abd578178d325,test_profile_id8,test_user_id8,temp_activity_id
98,loved,2,65dedb689bef090bb07b04cf,test_profile_id8,test_user_id8,temp_activity_id
99,saved,3,65c25e8ab70abd578178d325,test_profile_id8,test_user_id8,temp_activity_id
100,saved,3,65d732fca345eb4b3e1a8fc6,test_profile_id8,test_user_id8,temp_activity_id
101,saved,3,65dee51c9bef090bb07b07c3,test_profile_id8,test_user_id8,temp_activity_id
102,saved,3,65c25e8ab70abd578178d325,test_profile_id8,test_user_id8,temp_activity_id
103,bought,4,65dedb689bef090bb07b04cf,test_profile_id8,test_user_id8,temp_activity_id
104,dislike,0,65d732fca345eb4b3e1a8f99,test_profile_id9,test_user_id9,temp_activity_id
105,dislike,0,65dee84e9bef090bb07b098e,test_profile_id9,test_user_id9,temp_activity_id
106,liked,1,65dee84e9bef090bb07b0985,test_profile_id9,test_user_id9,temp_activity_id
107,liked,1,65dee51c9bef090bb07b0735,test_profile_id9,test_user_id9,temp_activity_id
108,liked,1,65dedb689bef090bb07b04c1,test_profile_id9,test_user_id9,temp_activity_id
109,liked,1,65d732fca345eb4b3e1a8f71,test_profile_id9,test_user_id9,temp_activity_id
110,liked,1,65dee84e9bef090bb07b098e,test_profile_id9,test_user_id9,temp_activity_id
111,liked,1,65dee51c9bef090bb07b0799,test_profile_id9,test_user_id9,temp_activity_id
112,liked,1,65defc71216e2e3b3c059767,test_profile_id9,test_user_id9,temp_activity_id
113,loved,2,65deec86216e2e3b3c05943a,test_profile_id9,test_user_id9,temp_activity_id
114,loved,2,65deec86216e2e3b3c05943a,test_profile_id9,test_user_id9,temp_activity_id
115,loved,2,65deec86216e2e3b3c05943a,test_profile_id9,test_user_id9,temp_activity_id
116,saved,3,65defc71216e2e3b3c059767,test_profile_id9,test_user_id9,temp_activity_id
117,saved,3,65df0916216e2e3b3c059ab9,test_profile_id9,test_user_id9,temp_activity_id
118,saved,3,65defc71216e2e3b3c059767,test_profile_id9,test_user_id9,temp_activity_id
119,saved,3,65dee51c9bef090bb07b0735,test_profile_id9,test_user_id9,temp_activity_id
120,bought,4,65dee51c9bef090bb07b0735,test_profile_id9,test_user_id9,temp_activity_id
121,dislike,0,65df02c3216e2e3b3c059950,test_profile_id11,test_user_id11,temp_activity_id
122,dislike,0,65dedb689bef090bb07b04a8,test_profile_id11,test_user_id11,temp_activity_id
123,liked,1,65defe2e216e2e3b3c0598c0,test_profile_id11,test_user_id11,temp_activity_id
124,liked,1,65defc71216e2e3b3c05972d,test_profile_id11,test_user_id11,temp_activity_id
125,loved,2,65df0916216e2e3b3c059b31,test_profile_id11,test_user_id11,temp_activity_id
126,loved,2,65bb940f4b4e8017fe41c6a5,test_profile_id11,test_user_id11,temp_activity_id
127,loved,2,65dee84e9bef090bb07b0977,test_profile_id11,test_user_id11,temp_activity_id
128,loved,2,65deec86216e2e3b3c059447,test_profile_id11,test_user_id11,temp_activity_id
129,saved,3,65deec86216e2e3b3c059447,test_profile_id11,test_user_id11,temp_activity_id
130,bought,4,65df0916216e2e3b3c059ad9,test_profile_id11,test_user_id11,temp_activity_id
131,dislike,0,65defc71216e2e3b3c059777,test_profile_id12,test_user_id12,temp_activity_id
132,dislike,0,65dedf939bef090bb07b05e9,test_profile_id12,test_user_id12,temp_activity_id
133,liked,1,65dedb689bef090bb07b04e0,test_profile_id12,test_user_id12,temp_activity_id
134,liked,1,65defc71216e2e3b3c059777,test_profile_id12,test_user_id12,temp_activity_id
135,liked,1,65dee84e9bef090bb07b095c,test_profile_id12,test_user_id12,temp_activity_id
136,liked,1,65dee51c9bef090bb07b0745,test_profile_id12,test_user_id12,temp_activity_id
137,liked,1,65dee51c9bef090bb07b0745,test_profile_id12,test_user_id12,temp_activity_id
138,loved,2,65dee84e9bef090bb07b0957,test_profile_id12,test_user_id12,temp_activity_id
139,loved,2,65def76b216e2e3b3c0595c8,test_profile_id12,test_user_id12,temp_activity_id
140,loved,2,65dedb689bef090bb07b04bd,test_profile_id12,test_user_id12,temp_activity_id
141,loved,2,65dedb689bef090bb07b04bd,test_profile_id12,test_user_id12,temp_activity_id
142,saved,3,65dedb689bef090bb07b04b4,test_profile_id12,test_user_id12,temp_activity_id
143,bought,4,65dee84e9bef090bb07b095c,test_profile_id12,test_user_id12,temp_activity_id
144,dislike,0,65d5f6efe1dfe9c4ae7f5560,test_profile_id13,test_user_id13,temp_activity_id
145,liked,1,65d5f6efe1dfe9c4ae7f5572,test_profile_id13,test_user_id13,temp_activity_id
146,liked,1,65dedf939bef090bb07b05d7,test_profile_id13,test_user_id13,temp_activity_id
147,loved,2,65dedf939bef090bb07b05ce,test_profile_id13,test_user_id13,temp_activity_id
148,loved,2,65defc71216e2e3b3c059708,test_profile_id13,test_user_id13,temp_activity_id
149,loved,2,65defc71216e2e3b3c059708,test_profile_id13,test_user_id13,temp_activity_id
150,loved,2,65dedf939bef090bb07b05d7,test_profile_id13,test_user_id13,temp_activity_id
151,saved,3,65def76b216e2e3b3c0595db,test_profile_id13,test_user_id13,temp_activity_id
152,saved,3,65defc71216e2e3b3c059708,test_profile_id13,test_user_id13,temp_activity_id
153,saved,3,65dedf939bef090bb07b05d7,test_profile_id13,test_user_id13,temp_activity_id
154,bought,4,65defc71216e2e3b3c059700,test_profile_id13,test_user_id13,temp_activity_id
155,dislike,0,65b944e182c661c2f56326e4,test_profile_id14,test_user_id14,temp_activity_id
156,liked,1,65d732fca345eb4b3e1a8fcc,test_profile_id14,test_user_id14,temp_activity_id
157,liked,1,65c25e8ab70abd578178d325,test_profile_id14,test_user_id14,temp_activity_id
158,liked,1,65d732fca345eb4b3e1a8fc8,test_profile_id14,test_user_id14,temp_activity_id
159,loved,2,65dee51c9bef090bb07b0753,test_profile_id14,test_user_id14,temp_activity_id
160,saved,3,65d732fca345eb4b3e1a8fcc,test_profile_id14,test_user_id14,temp_activity_id
161,bought,4,65dedb689bef090bb07b04bf,test_profile_id14,test_user_id14,temp_activity_id
162,dislike,0,65df0916216e2e3b3c059b4d,test_profile_id15,test_user_id15,temp_activity_id
163,dislike,0,65df0916216e2e3b3c059b4d,test_profile_id15,test_user_id15,temp_activity_id
164,liked,1,65c32972b70abd578178d351,test_profile_id15,test_user_id15,temp_activity_id
165,liked,1,65def76b216e2e3b3c0595aa,test_profile_id15,test_user_id15,temp_activity_id
166,liked,1,65df02c3216e2e3b3c05999c,test_profile_id15,test_user_id15,temp_activity_id
167,loved,2,65b353cf6932958a4f56f449,test_profile_id15,test_user_id15,temp_activity_id
168,loved,2,65f1f4b66a26a70c378100c5,test_profile_id15,test_user_id15,temp_activity_id
169,saved,3,65b9399d82c661c2f563262e,test_profile_id15,test_user_id15,temp_activity_id
170,saved,3,65b9399d82c661c2f563262e,test_profile_id15,test_user_id15,temp_activity_id
171,saved,3,65f1f4b66a26a70c378100c5,test_profile_id15,test_user_id15,temp_activity_id
172,bought,4,65f1f4b66a26a70c378100c5,test_profile_id15,test_user_id15,temp_activity_id
173,dislike,0,65df0916216e2e3b3c059b1a,test_profile_id16,test_user_id16,temp_activity_id
174,dislike,0,65d732fca345eb4b3e1a8f2e,test_profile_id16,test_user_id16,temp_activity_id
175,liked,1,65dee51c9bef090bb07b079c,test_profile_id16,test_user_id16,temp_activity_id
176,loved,2,65dee51c9bef090bb07b07a9,test_profile_id16,test_user_id16,temp_activity_id
177,loved,2,65deec86216e2e3b3c059463,test_profile_id16,test_user_id16,temp_activity_id
178,saved,3,65dee51c9bef090bb07b07a7,test_profile_id16,test_user_id16,temp_activity_id
179,saved,3,65dee51c9bef090bb07b07a7,test_profile_id16,test_user_id16,temp_activity_id
180,bought,4,65dee51c9bef090bb07b07b2,test_profile_id16,test_user_id16,temp_activity_id
181,dislike,0,65dedb689bef090bb07b04be,test_profile_id17,test_user_id17,temp_activity_id
182,liked,1,65dedb689bef090bb07b04cf,test_profile_id17,test_user_id17,temp_activity_id
183,liked,1,65b93ee782c661c2f5632695,test_profile_id17,test_user_id17,temp_activity_id
184,liked,1,65defc71216e2e3b3c059777,test_profile_id17,test_user_id17,temp_activity_id
185,liked,1,65dedb689bef090bb07b04c2,test_profile_id17,test_user_id17,temp_activity_id
186,liked,1,65b93ee782c661c2f5632695,test_profile_id17,test_user_id17,temp_activity_id
187,liked,1,65def76b216e2e3b3c0595d0,test_profile_id17,test_user_id17,temp_activity_id
188,loved,2,65b93ee782c661c2f5632695,test_profile_id17,test_user_id17,temp_activity_id
189,loved,2,65defc71216e2e3b3c05976f,test_profile_id17,test_user_id17,temp_activity_id
190,loved,2,65defc71216e2e3b3c059777,test_profile_id17,test_user_id17,temp_activity_id
191,saved,3,65defc71216e2e3b3c05976f,test_profile_id17,test_user_id17,temp_activity_id
192,saved,3,65defc71216e2e3b3c05976f,test_profile_id17,test_user_id17,temp_activity_id
193,saved,3,65dedb689bef090bb07b04c2,test_profile_id17,test_user_id17,temp_activity_id
194,bought,4,65dedb689bef090bb07b04c2,test_profile_id17,test_user_id17,temp_activity_id
195,dislike,0,65d5f6efe1dfe9c4ae7f557c,test_profile_id18,test_user_id18,temp_activity_id
196,liked,1,65d5f6efe1dfe9c4ae7f557c,test_profile_id18,test_user_id18,temp_activity_id
197,loved,2,65ead97b8cd9fe21940f5f87,test_profile_id18,test_user_id18,temp_activity_id
198,saved,3,65df0916216e2e3b3c059b04,test_profile_id18,test_user_id18,temp_activity_id
199,saved,3,65df0916216e2e3b3c059b04,test_profile_id18,test_user_id18,temp_activity_id
200,bought,4,65df0916216e2e3b3c059b04,test_profile_id18,test_user_id18,temp_activity_id
201,dislike,0,65dee51c9bef090bb07b07bf,test_profile_id19,test_user_id19,temp_activity_id
202,liked,1,65defc71216e2e3b3c059714,test_profile_id19,test_user_id19,temp_activity_id
203,liked,1,65dee51c9bef090bb07b07bf,test_profile_id19,test_user_id19,temp_activity_id
204,liked,1,65defc71216e2e3b3c05972a,test_profile_id19,test_user_id19,temp_activity_id
205,loved,2,65defc71216e2e3b3c059719,test_profile_id19,test_user_id19,temp_activity_id
206,loved,2,65defc71216e2e3b3c059717,test_profile_id19,test_user_id19,temp_activity_id
207,loved,2,65defc71216e2e3b3c059716,test_profile_id19,test_user_id19,temp_activity_id
208,saved,3,65dee51c9bef090bb07b073e,test_profile_id19,test_user_id19,temp_activity_id
209,saved,3,65defc71216e2e3b3c059719,test_profile_id19,test_user_id19,temp_activity_id
210,saved,3,65defc71216e2e3b3c059719,test_profile_id19,test_user_id19,temp_activity_id
211,saved,3,65dee51c9bef090bb07b073e,test_profile_id19,test_user_id19,temp_activity_id
212,bought,4,65dee51c9bef090bb07b073e,test_profile_id19,test_user_id19,temp_activity_id
213,dislike,0,65df0916216e2e3b3c059b3a,test_profile_id20,test_user_id20,temp_activity_id
214,dislike,0,65df0916216e2e3b3c059b40,test_profile_id20,test_user_id20,temp_activity_id
215,liked,1,65dee84e9bef090bb07b0970,test_profile_id20,test_user_id20,temp_activity_id
216,liked,1,65dee84e9bef090bb07b094f,test_profile_id20,test_user_id20,temp_activity_id
217,liked,1,65def76b216e2e3b3c0595af,test_profile_id20,test_user_id20,temp_activity_id
218,loved,2,65dee84e9bef090bb07b0970,test_profile_id20,test_user_id20,temp_activity_id
219,saved,3,65dedb689bef090bb07b04cd,test_profile_id20,test_user_id20,temp_activity_id
220,saved,3,65d732fca345eb4b3e1a8f33,test_profile_id20,test_user_id20,temp_activity_id
221,saved,3,65dee84e9bef090bb07b0970,test_profile_id20,test_user_id20,temp_activity_id
222,saved,3,65dee84e9bef090bb07b096e,test_profile_id20,test_user_id20,temp_activity_id
223,bought,4,65dee84e9bef090bb07b096e,test_profile_id20,test_user_id20,temp_activity_id
224,dislike,0,65dee51c9bef090bb07b079b,test_profile_id21,test_user_id21,temp_activity_id
225,dislike,0,65dedb689bef090bb07b04d7,test_profile_id21,test_user_id21,temp_activity_id
226,liked,1,65dee51c9bef090bb07b07a0,test_profile_id21,test_user_id21,temp_activity_id
227,liked,1,65dedb689bef090bb07b04c4,test_profile_id21,test_user_id21,temp_activity_id
228,liked,1,65dedb689bef090bb07b04d7,test_profile_id21,test_user_id21,temp_activity_id
229,liked,1,65dedf939bef090bb07b05dc,test_profile_id21,test_user_id21,temp_activity_id
230,liked,1,65d732fca345eb4b3e1a8fa2,test_profile_id21,test_user_id21,temp_activity_id
231,liked,1,65d732fca345eb4b3e1a8fa2,test_profile_id21,test_user_id21,temp_activity_id
232,liked,1,65dedb689bef090bb07b04d7,test_profile_id21,test_user_id21,temp_activity_id
233,loved,2,65defc71216e2e3b3c05972d,test_profile_id21,test_user_id21,temp_activity_id
234,loved,2,65defc71216e2e3b3c05972e,test_profile_id21,test_user_id21,temp_activity_id
235,saved,3,65dedf939bef090bb07b05f4,test_profile_id21,test_user_id21,temp_activity_id
236,bought,4,65dedf939bef090bb07b05f4,test_profile_id21,test_user_id21,temp_activity_id
237,dislike,0,65dee51c9bef090bb07b0770,test_profile_id22,test_user_id22,temp_activity_id
238,dislike,0,65defc71216e2e3b3c0596f7,test_profile_id22,test_user_id22,temp_activity_id
239,liked,1,65defc71216e2e3b3c0596f7,test_profile_id22,test_user_id22,temp_activity_id
240,loved,2,65dedf939bef090bb07b05f7,test_profile_id22,test_user_id22,temp_activity_id
241,saved,3,65dedf939bef090bb07b05e8,test_profile_id22,test_user_id22,temp_activity_id
242,saved,3,65b3563e6932958a4f56f463,test_profile_id22,test_user_id22,temp_activity_id
243,saved,3,65b3563e6932958a4f56f463,test_profile_id22,test_user_id22,temp_activity_id
244,saved,3,65dedf939bef090bb07b05e8,test_profile_id22,test_user_id22,temp_activity_id
245,bought,4,65defc71216e2e3b3c05970d,test_profile_id22,test_user_id22,temp_activity_id
246,dislike,0,65dedb689bef090bb07b04c4,test_profile_id23,test_user_id23,temp_activity_id
247,liked,1,65dedf939bef090bb07b05f4,test_profile_id23,test_user_id23,temp_activity_id
248,liked,1,65d732fca345eb4b3e1a8f1f,test_profile_id23,test_user_id23,temp_activity_id
249,liked,1,65dee51c9bef090bb07b079b,test_profile_id23,test_user_id23,temp_activity_id
250,loved,2,65dee51c9bef090bb07b07a6,test_profile_id23,test_user_id23,temp_activity_id
251,loved,2,65dee51c9bef090bb07b079b,test_profile_id23,test_user_id23,temp_activity_id
252,saved,3,65dedb689bef090bb07b04ba,test_profile_id23,test_user_id23,temp_activity_id
253,saved,3,65d732fca345eb4b3e1a8fa2,test_profile_id23,test_user_id23,temp_activity_id
254,saved,3,65dee51c9bef090bb07b079b,test_profile_id23,test_user_id23,temp_activity_id
255,saved,3,65dee51c9bef090bb07b07b5,test_profile_id23,test_user_id23,temp_activity_id
256,bought,4,65dee51c9bef090bb07b079b,test_profile_id23,test_user_id23,temp_activity_id
257,dislike,0,65b77bf20154fd0c1818c753,test_profile_id24,test_user_id24,temp_activity_id
258,dislike,0,65c262c9b70abd578178d33e,test_profile_id24,test_user_id24,temp_activity_id
259,liked,1,65b9399d82c661c2f563262e,test_profile_id24,test_user_id24,temp_activity_id
260,liked,1,65df02c3216e2e3b3c05994c,test_profile_id24,test_user_id24,temp_activity_id
261,liked,1,65df0916216e2e3b3c059ad8,test_profile_id24,test_user_id24,temp_activity_id
262,liked,1,65df0916216e2e3b3c059b33,test_profile_id24,test_user_id24,temp_activity_id
263,loved,2,65d5f6efe1dfe9c4ae7f5574,test_profile_id24,test_user_id24,temp_activity_id
264,saved,3,65b93c9182c661c2f5632667,test_profile_id24,test_user_id24,temp_activity_id
265,saved,3,65defc71216e2e3b3c05974c,test_profile_id24,test_user_id24,temp_activity_id
266,bought,4,65df0916216e2e3b3c059b22,test_profile_id24,test_user_id24,temp_activity_id
267,dislike,0,65d732fca345eb4b3e1a8fd4,test_profile_id25,test_user_id25,temp_activity_id
268,liked,1,65dedb689bef090bb07b04c8,test_profile_id25,test_user_id25,temp_activity_id
269,loved,2,65dedb689bef090bb07b04cf,test_profile_id25,test_user_id25,temp_activity_id
270,loved,2,65dee51c9bef090bb07b0753,test_profile_id25,test_user_id25,temp_activity_id
271,loved,2,65dedb689bef090bb07b04cf,test_profile_id25,test_user_id25,temp_activity_id
272,saved,3,65dedb689bef090bb07b04cf,test_profile_id25,test_user_id25,temp_activity_id
273,bought,4,65dedb689bef090bb07b04a6,test_profile_id25,test_user_id25,temp_activity_id
274,dislike,0,65dee84e9bef090bb07b096c,test_profile_id26,test_user_id26,temp_activity_id
275,liked,1,65dee84e9bef090bb07b096c,test_profile_id26,test_user_id26,temp_activity_id
276,liked,1,65df0916216e2e3b3c059b6e,test_profile_id26,test_user_id26,temp_activity_id
277,liked,1,65df0916216e2e3b3c059aef,test_profile_id26,test_user_id26,temp_activity_id
278,liked,1,65d732fca345eb4b3e1a8fd1,test_profile_id26,test_user_id26,temp_activity_id
279,liked,1,65df0916216e2e3b3c059b63,test_profile_id26,test_user_id26,temp_activity_id
280,liked,1,65df0916216e2e3b3c059b5a,test_profile_id26,test_user_id26,temp_activity_id
281,liked,1,65b93fcd82c661c2f56326a4,test_profile_id26,test_user_id26,temp_activity_id
282,loved,2,65df02c3216e2e3b3c05996c,test_profile_id26,test_user_id26,temp_activity_id
283,loved,2,65df0916216e2e3b3c059b5a,test_profile_id26,test_user_id26,temp_activity_id
284,saved,3,65df0916216e2e3b3c059b63,test_profile_id26,test_user_id26,temp_activity_id
285,saved,3,65df0916216e2e3b3c059b63,test_profile_id26,test_user_id26,temp_activity_id
286,bought,4,65df02c3216e2e3b3c05996c,test_profile_id26,test_user_id26,temp_activity_id
287,dislike,0,65def76b216e2e3b3c0595cb,test_profile_id27,test_user_id27,temp_activity_id
288,liked,1,65dee51c9bef090bb07b0733,test_profile_id27,test_user_id27,temp_activity_id
289,liked,1,65def76b216e2e3b3c0595a7,test_profile_id27,test_user_id27,temp_activity_id
290,liked,1,65def76b216e2e3b3c0595cb,test_profile_id27,test_user_id27,temp_activity_id
291,liked,1,65def76b216e2e3b3c0595a9,test_profile_id27,test_user_id27,temp_activity_id
292,loved,2,65defc71216e2e3b3c0596f9,test_profile_id27,test_user_id27,temp_activity_id
293,loved,2,65dee84e9bef090bb07b0983,test_profile_id27,test_user_id27,temp_activity_id
294,loved,2,65defc71216e2e3b3c059702,test_profile_id27,test_user_id27,temp_activity_id
295,loved,2,65dee84e9bef090bb07b0983,test_profile_id27,test_user_id27,temp_activity_id
296,saved,3,65def76b216e2e3b3c0595a9,test_profile_id27,test_user_id27,temp_activity_id
297,saved,3,65defc71216e2e3b3c0596f7,test_profile_id27,test_user_id27,temp_activity_id
298,bought,4,65defc71216e2e3b3c0596f7,test_profile_id27,test_user_id27,temp_activity_id
299,dislike,0,65d732fca345eb4b3e1a8fcf,test_profile_id28,test_user_id28,temp_activity_id
300,liked,1,65dee84e9bef090bb07b0977,test_profile_id28,test_user_id28,temp_activity_id
301,liked,1,65dee84e9bef090bb07b0977,test_profile_id28,test_user_id28,temp_activity_id
302,liked,1,65def76b216e2e3b3c0595aa,test_profile_id28,test_user_id28,temp_activity_id
303,liked,1,65def76b216e2e3b3c059599,test_profile_id28,test_user_id28,temp_activity_id
304,loved,2,65d732fca345eb4b3e1a8f71,test_profile_id28,test_user_id28,temp_activity_id
305,loved,2,65dedf939bef090bb07b0618,test_profile_id28,test_user_id28,temp_activity_id
306,saved,3,65df0916216e2e3b3c059b46,test_profile_id28,test_user_id28,temp_activity_id
307,saved,3,65defe2e216e2e3b3c0598bf,test_profile_id28,test_user_id28,temp_activity_id
308,bought,4,65defe2e216e2e3b3c0598bf,test_profile_id28,test_user_id28,temp_activity_id
309,dislike,0,65dedf939bef090bb07b0618,test_profile_id29,test_user_id29,temp_activity_id
310,liked,1,65defc71216e2e3b3c05972e,test_profile_id29,test_user_id29,temp_activity_id
311,liked,1,65dedb689bef090bb07b04ca,test_profile_id29,test_user_id29,temp_activity_id
312,liked,1,65dedb689bef090bb07b04cc,test_profile_id29,test_user_id29,temp_activity_id
313,loved,2,65dedb689bef090bb07b04cc,test_profile_id29,test_user_id29,temp_activity_id
314,loved,2,65b7963e0154fd0c1818c76d,test_profile_id29,test_user_id29,temp_activity_id
315,loved,2,65d732fca345eb4b3e1a8fcf,test_profile_id29,test_user_id29,temp_activity_id
316,saved,3,65dedb689bef090bb07b04cc,test_profile_id29,test_user_id29,temp_activity_id
317,saved,3,65dedb689bef090bb07b04ca,test_profile_id29,test_user_id29,temp_activity_id
318,bought,4,65dedb689bef090bb07b04ba,test_profile_id29,test_user_id29,temp_activity_id
319,dislike,0,65defc71216e2e3b3c059715,test_profile_id30,test_user_id30,temp_activity_id
320,dislike,0,65dee51c9bef090bb07b076c,test_profile_id30,test_user_id30,temp_activity_id
321,liked,1,65defc71216e2e3b3c059746,test_profile_id30,test_user_id30,temp_activity_id
322,liked,1,65dee51c9bef090bb07b0759,test_profile_id30,test_user_id30,temp_activity_id
323,loved,2,65b944e182c661c2f56326e4,test_profile_id30,test_user_id30,temp_activity_id
324,loved,2,65dee51c9bef090bb07b076c,test_profile_id30,test_user_id30,temp_activity_id
325,loved,2,65b944e182c661c2f56326e4,test_profile_id30,test_user_id30,temp_activity_id
326,loved,2,65dee51c9bef090bb07b076c,test_profile_id30,test_user_id30,temp_activity_id
327,saved,3,65d732fca345eb4b3e1a8f59,test_profile_id30,test_user_id30,temp_activity_id
328,saved,3,65dee51c9bef090bb07b074f,test_profile_id30,test_user_id30,temp_activity_id
329,saved,3,65b3623a6932958a4f56f4ca,test_profile_id30,test_user_id30,temp_activity_id
330,bought,4,65b3623a6932958a4f56f4ca,test_profile_id30,test_user_id30,temp_activity_id
331,dislike,0,65defe2e216e2e3b3c0598bf,test_profile_id32,test_user_id32,temp_activity_id
332,dislike,0,65d5f6efe1dfe9c4ae7f5551,test_profile_id32,test_user_id32,temp_activity_id
333,liked,1,65dee51c9bef090bb07b0762,test_profile_id32,test_user_id32,temp_activity_id
334,liked,1,65b379346932958a4f56f539,test_profile_id32,test_user_id32,temp_activity_id
335,liked,1,65def76b216e2e3b3c05958b,test_profile_id32,test_user_id32,temp_activity_id
336,liked,1,65d732fca345eb4b3e1a8fd3,test_profile_id32,test_user_id32,temp_activity_id
337,liked,1,65defe2e216e2e3b3c0598bc,test_profile_id32,test_user_id32,temp_activity_id
338,liked,1,65def76b216e2e3b3c0595a5,test_profile_id32,test_user_id32,temp_activity_id
339,liked,1,65df0916216e2e3b3c059b4b,test_profile_id32,test_user_id32,temp_activity_id
340,loved,2,65df0916216e2e3b3c059b4b,test_profile_id32,test_user_id32,temp_activity_id
341,loved,2,65dee51c9bef090bb07b0753,test_profile_id32,test_user_id32,temp_activity_id
342,saved,3,65dee51c9bef090bb07b076c,test_profile_id32,test_user_id32,temp_activity_id
343,saved,3,65dee51c9bef090bb07b0753,test_profile_id32,test_user_id32,temp_activity_id
344,saved,3,65df0916216e2e3b3c059b4b,test_profile_id32,test_user_id32,temp_activity_id
345,bought,4,65dee51c9bef090bb07b0753,test_profile_id32,test_user_id32,temp_activity_id
346,dislike,0,65d732fca345eb4b3e1a8f29,test_profile_id33,test_user_id33,temp_activity_id
347,liked,1,65d732fca345eb4b3e1a8f33,test_profile_id33,test_user_id33,temp_activity_id
348,loved,2,65d732fca345eb4b3e1a8f1e,test_profile_id33,test_user_id33,temp_activity_id
349,saved,3,65dee84e9bef090bb07b094f,test_profile_id33,test_user_id33,temp_activity_id
350,saved,3,65dee51c9bef090bb07b07ae,test_profile_id33,test_user_id33,temp_activity_id
351,saved,3,65dee51c9bef090bb07b07ae,test_profile_id33,test_user_id33,temp_activity_id
352,bought,4,65dee84e9bef090bb07b094f,test_profile_id33,test_user_id33,temp_activity_id
353,dislike,0,65defc71216e2e3b3c059721,test_profile_id34,test_user_id34,temp_activity_id
354,liked,1,65defc71216e2e3b3c059771,test_profile_id34,test_user_id34,temp_activity_id
355,liked,1,65deec86216e2e3b3c05945c,test_profile_id34,test_user_id34,temp_activity_id
356,liked,1,65deec86216e2e3b3c059461,test_profile_id34,test_user_id34,temp_activity_id
357,liked,1,65defc71216e2e3b3c059771,test_profile_id34,test_user_id34,temp_activity_id
358,loved,2,65deec86216e2e3b3c05945c,test_profile_id34,test_user_id34,temp_activity_id
359,loved,2,65d5f6efe1dfe9c4ae7f5571,test_profile_id34,test_user_id34,temp_activity_id
360,saved,3,65dedb689bef090bb07b04b4,test_profile_id34,test_user_id34,temp_activity_id
361,bought,4,65dedb689bef090bb07b04b4,test_profile_id34,test_user_id34,temp_activity_id
362,dislike,0,65b93bc482c661c2f563265f,test_profile_id35,test_user_id35,temp_activity_id
363,liked,1,65defc71216e2e3b3c05970e,test_profile_id35,test_user_id35,temp_activity_id
364,liked,1,65dedf939bef090bb07b05ef,test_profile_id35,test_user_id35,temp_activity_id
365,liked,1,65defc71216e2e3b3c059703,test_profile_id35,test_user_id35,temp_activity_id
366,liked,1,65dee51c9bef090bb07b073a,test_profile_id35,test_user_id35,temp_activity_id
367,liked,1,65def76b216e2e3b3c05957b,test_profile_id35,test_user_id35,temp_activity_id
368,loved,2,65e6e6d5042ac4899afe24f2,test_profile_id35,test_user_id35,temp_activity_id
369,loved,2,65defc71216e2e3b3c059703,test_profile_id35,test_user_id35,temp_activity_id
370,saved,3,65e6e6d5042ac4899afe24f2,test_profile_id35,test_user_id35,temp_activity_id
371,saved,3,65defc71216e2e3b3c0596f7,test_profile_id35,test_user_id35,temp_activity_id
372,saved,3,65dedf939bef090bb07b0610,test_profile_id35,test_user_id35,temp_activity_id
373,bought,4,65dedf939bef090bb07b0610,test_profile_id35,test_user_id35,temp_activity_id
374,dislike,0,65d732fca345eb4b3e1a8fbf,test_profile_id36,test_user_id36,temp_activity_id
375,dislike,0,65d732fca345eb4b3e1a8f67,test_profile_id36,test_user_id36,temp_activity_id
376,liked,1,65def76b216e2e3b3c0595c2,test_profile_id36,test_user_id36,temp_activity_id
377,liked,1,65defe2e216e2e3b3c0598b7,test_profile_id36,test_user_id36,temp_activity_id
378,loved,2,65d732fca345eb4b3e1a8fcc,test_profile_id36,test_user_id36,temp_activity_id
379,loved,2,65d732fca345eb4b3e1a8fcc,test_profile_id36,test_user_id36,temp_activity_id
380,loved,2,65dedb689bef090bb07b04bf,test_profile_id36,test_user_id36,temp_activity_id
381,loved,2,65d732fca345eb4b3e1a8fcc,test_profile_id36,test_user_id36,temp_activity_id
382,saved,3,65d732fca345eb4b3e1a8fcc,test_profile_id36,test_user_id36,temp_activity_id
383,saved,3,65d732fca345eb4b3e1a8fcc,test_profile_id36,test_user_id36,temp_activity_id
384,bought,4,65d732fca345eb4b3e1a8fcc,test_profile_id36,test_user_id36,temp_activity_id
385,dislike,0,65b361366932958a4f56f4ba,test_profile_id37,test_user_id37,temp_activity_id
386,liked,1,65def76b216e2e3b3c0595aa,test_profile_id37,test_user_id37,temp_activity_id
387,liked,1,65def76b216e2e3b3c059583,test_profile_id37,test_user_id37,temp_activity_id
388,liked,1,65d5f6efe1dfe9c4ae7f5576,test_profile_id37,test_user_id37,temp_activity_id
389,loved,2,65d5f6efe1dfe9c4ae7f5568,test_profile_id37,test_user_id37,temp_activity_id
390,loved,2,65d5f6efe1dfe9c4ae7f557c,test_profile_id37,test_user_id37,temp_activity_id
391,loved,2,65d5f6efe1dfe9c4ae7f5579,test_profile_id37,test_user_id37,temp_activity_id
392,saved,3,65d5f6efe1dfe9c4ae7f5573,test_profile_id37,test_user_id37,temp_activity_id
393,bought,4,65df0916216e2e3b3c059ae8,test_profile_id37,test_user_id37,temp_activity_id
394,dislike,0,65defe2e216e2e3b3c0598c9,test_profile_id38,test_user_id38,temp_activity_id
395,liked,1,65ca3d2a107be60898683827,test_profile_id38,test_user_id38,temp_activity_id
396,liked,1,65dee51c9bef090bb07b0786,test_profile_id38,test_user_id38,temp_activity_id
397,liked,1,65b379346932958a4f56f539,test_profile_id38,test_user_id38,temp_activity_id
398,liked,1,65b934ee82c661c2f56325dd,test_profile_id38,test_user_id38,temp_activity_id
399,liked,1,65b944e182c661c2f56326e4,test_profile_id38,test_user_id38,temp_activity_id
400,liked,1,65defe2e216e2e3b3c0598c9,test_profile_id38,test_user_id38,temp_activity_id
401,loved,2,65df0916216e2e3b3c059aea,test_profile_id38,test_user_id38,temp_activity_id
402,saved,3,65deec86216e2e3b3c059456,test_profile_id38,test_user_id38,temp_activity_id
403,saved,3,65dee51c9bef090bb07b0786,test_profile_id38,test_user_id38,temp_activity_id
404,bought,4,65dedb689bef090bb07b04d1,test_profile_id38,test_user_id38,temp_activity_id
405,dislike,0,65def76b216e2e3b3c05958f,test_profile_id39,test_user_id39,temp_activity_id
406,liked,1,65b3563e6932958a4f56f463,test_profile_id39,test_user_id39,temp_activity_id
407,liked,1,65dedb699bef090bb07b04e8,test_profile_id39,test_user_id39,temp_activity_id
408,liked,1,65dedb689bef090bb07b04e3,test_profile_id39,test_user_id39,temp_activity_id
409,liked,1,65d5f6efe1dfe9c4ae7f5554,test_profile_id39,test_user_id39,temp_activity_id
410,loved,2,65d732fca345eb4b3e1a8fcc,test_profile_id39,test_user_id39,temp_activity_id
411,loved,2,65defc71216e2e3b3c059700,test_profile_id39,test_user_id39,temp_activity_id
412,loved,2,65defc71216e2e3b3c059700,test_profile_id39,test_user_id39,temp_activity_id
413,saved,3,65e6e770042ac4899afe250b,test_profile_id39,test_user_id39,temp_activity_id
414,saved,3,65defc71216e2e3b3c059700,test_profile_id39,test_user_id39,temp_activity_id
415,saved,3,65dedb689bef090bb07b04e0,test_profile_id39,test_user_id39,temp_activity_id
416,saved,3,65e6e770042ac4899afe250b,test_profile_id39,test_user_id39,temp_activity_id
417,bought,4,65defc71216e2e3b3c059700,test_profile_id39,test_user_id39,temp_activity_id
418,dislike,0,65defc71216e2e3b3c05972d,test_profile_id40,test_user_id40,temp_activity_id
419,liked,1,65defc71216e2e3b3c059719,test_profile_id40,test_user_id40,temp_activity_id
420,liked,1,65defc71216e2e3b3c05972d,test_profile_id40,test_user_id40,temp_activity_id
421,liked,1,65dee51c9bef090bb07b0759,test_profile_id40,test_user_id40,temp_activity_id
422,liked,1,65defc71216e2e3b3c059719,test_profile_id40,test_user_id40,temp_activity_id
423,liked,1,65dee51c9bef090bb07b0759,test_profile_id40,test_user_id40,temp_activity_id
424,liked,1,65dee51c9bef090bb07b0776,test_profile_id40,test_user_id40,temp_activity_id
425,loved,2,65dee51c9bef090bb07b0759,test_profile_id40,test_user_id40,temp_activity_id
426,loved,2,65b92bca82c661c2f5632588,test_profile_id40,test_user_id40,temp_activity_id
427,loved,2,65b92bca82c661c2f5632588,test_profile_id40,test_user_id40,temp_activity_id
428,loved,2,65b9372182c661c2f56325f5,test_profile_id40,test_user_id40,temp_activity_id
429,saved,3,65dee84e9bef090bb07b0970,test_profile_id40,test_user_id40,temp_activity_id
430,bought,4,65b9372182c661c2f56325f5,test_profile_id40,test_user_id40,temp_activity_id
431,dislike,0,65b35ca16932958a4f56f4b2,test_profile_id41,test_user_id41,temp_activity_id
432,liked,1,65dee51c9bef090bb07b07d6,test_profile_id41,test_user_id41,temp_activity_id
433,liked,1,65def76b216e2e3b3c059583,test_profile_id41,test_user_id41,temp_activity_id
434,liked,1,65dedf939bef090bb07b05cc,test_profile_id41,test_user_id41,temp_activity_id
435,liked,1,65deec86216e2e3b3c059432,test_profile_id41,test_user_id41,temp_activity_id
436,loved,2,65deec86216e2e3b3c059435,test_profile_id41,test_user_id41,temp_activity_id
437,loved,2,65defc71216e2e3b3c05974a,test_profile_id41,test_user_id41,temp_activity_id
438,saved,3,65dee51c9bef090bb07b078b,test_profile_id41,test_user_id41,temp_activity_id
439,saved,3,65dee51c9bef090bb07b0773,test_profile_id41,test_user_id41,temp_activity_id
440,bought,4,65b3549f6932958a4f56f453,test_profile_id41,test_user_id41,temp_activity_id
441,dislike,0,65dee51c9bef090bb07b07a0,test_profile_id42,test_user_id42,temp_activity_id
442,liked,1,65dedb689bef090bb07b04ce,test_profile_id42,test_user_id42,temp_activity_id
443,loved,2,65dee51c9bef090bb07b07a0,test_profile_id42,test_user_id42,temp_activity_id
444,loved,2,65d732fca345eb4b3e1a8f70,test_profile_id42,test_user_id42,temp_activity_id
445,loved,2,65d732fca345eb4b3e1a8f99,test_profile_id42,test_user_id42,temp_activity_id
446,loved,2,65deec86216e2e3b3c05942c,test_profile_id42,test_user_id42,temp_activity_id
447,saved,3,65deec86216e2e3b3c05942c,test_profile_id42,test_user_id42,temp_activity_id
448,saved,3,65d732fca345eb4b3e1a8f70,test_profile_id42,test_user_id42,temp_activity_id
449,saved,3,65dedb689bef090bb07b04a1,test_profile_id42,test_user_id42,temp_activity_id
450,bought,4,65d732fca345eb4b3e1a8fa4,test_profile_id42,test_user_id42,temp_activity_id
451,dislike,0,65d5f6efe1dfe9c4ae7f5560,test_profile_id44,test_user_id44,temp_activity_id
452,dislike,0,65d5f6efe1dfe9c4ae7f5556,test_profile_id44,test_user_id44,temp_activity_id
453,liked,1,65def76b216e2e3b3c0595a8,test_profile_id44,test_user_id44,temp_activity_id
454,liked,1,65d5f6efe1dfe9c4ae7f5553,test_profile_id44,test_user_id44,temp_activity_id
455,liked,1,65def76b216e2e3b3c059593,test_profile_id44,test_user_id44,temp_activity_id
456,liked,1,65dedf939bef090bb07b05f2,test_profile_id44,test_user_id44,temp_activity_id
457,liked,1,65defc71216e2e3b3c059753,test_profile_id44,test_user_id44,temp_activity_id
458,loved,2,65def76b216e2e3b3c059598,test_profile_id44,test_user_id44,temp_activity_id
459,loved,2,65dedf939bef090bb07b05f2,test_profile_id44,test_user_id44,temp_activity_id
460,loved,2,65def76b216e2e3b3c059596,test_profile_id44,test_user_id44,temp_activity_id
461,saved,3,65def76b216e2e3b3c059586,test_profile_id44,test_user_id44,temp_activity_id
462,saved,3,65def76b216e2e3b3c059593,test_profile_id44,test_user_id44,temp_activity_id
463,saved,3,65def76b216e2e3b3c059598,test_profile_id44,test_user_id44,temp_activity_id
464,saved,3,65def76b216e2e3b3c059593,test_profile_id44,test_user_id44,temp_activity_id
465,bought,4,65def76b216e2e3b3c059591,test_profile_id44,test_user_id44,temp_activity_id
466,dislike,0,65d732fca345eb4b3e1a8f24,test_profile_id45,test_user_id45,temp_activity_id
467,liked,1,65d732fca345eb4b3e1a8f1e,test_profile_id45,test_user_id45,temp_activity_id
468,liked,1,65dedb689bef090bb07b049d,test_profile_id45,test_user_id45,temp_activity_id
469,liked,1,65d732fca345eb4b3e1a8f24,test_profile_id45,test_user_id45,temp_activity_id
470,liked,1,65def76b216e2e3b3c05957d,test_profile_id45,test_user_id45,temp_activity_id
471,liked,1,65dee51c9bef090bb07b07ae,test_profile_id45,test_user_id45,temp_activity_id
472,liked,1,65d732fca345eb4b3e1a8f1e,test_profile_id45,test_user_id45,temp_activity_id
473,liked,1,65def76b216e2e3b3c059565,test_profile_id45,test_user_id45,temp_activity_id
474,loved,2,65dedb689bef090bb07b049d,test_profile_id45,test_user_id45,temp_activity_id
475,loved,2,65deec86216e2e3b3c05941c,test_profile_id45,test_user_id45,temp_activity_id
476,saved,3,65dedb689bef090bb07b049d,test_profile_id45,test_user_id45,temp_activity_id
477,saved,3,65def76b216e2e3b3c05956d,test_profile_id45,test_user_id45,temp_activity_id
478,saved,3,65d732fca345eb4b3e1a8f1e,test_profile_id45,test_user_id45,temp_activity_id
479,saved,3,65dee84e9bef090bb07b0953,test_profile_id45,test_user_id45,temp_activity_id
480,bought,4,65dee84e9bef090bb07b0953,test_profile_id45,test_user_id45,temp_activity_id
481,dislike,0,65def76b216e2e3b3c0595ac,test_profile_id46,test_user_id46,temp_activity_id
482,liked,1,65dedb689bef090bb07b0499,test_profile_id46,test_user_id46,temp_activity_id
483,loved,2,65d732fca345eb4b3e1a8fa4,test_profile_id46,test_user_id46,temp_activity_id
484,loved,2,65dee51c9bef090bb07b077c,test_profile_id46,test_user_id46,temp_activity_id
485,loved,2,65dedf939bef090bb07b061f,test_profile_id46,test_user_id46,temp_activity_id
486,loved,2,65d732fca345eb4b3e1a8fa4,test_profile_id46,test_user_id46,temp_activity_id
487,saved,3,65dedf939bef090bb07b061e,test_profile_id46,test_user_id46,temp_activity_id
488,bought,4,65dedf939bef090bb07b061f,test_profile_id46,test_user_id46,temp_activity_id
489,dislike,0,65b9372182c661c2f56325f5,test_profile_id47,test_user_id47,temp_activity_id
490,liked,1,65b379346932958a4f56f539,test_profile_id47,test_user_id47,temp_activity_id
491,liked,1,65b9372182c661c2f56325f5,test_profile_id47,test_user_id47,temp_activity_id
492,loved,2,65b75019a69deb0aa1e59e34,test_profile_id47,test_user_id47,temp_activity_id
493,loved,2,65def76b216e2e3b3c0595de,test_profile_id47,test_user_id47,temp_activity_id
494,loved,2,65b75019a69deb0aa1e59e34,test_profile_id47,test_user_id47,temp_activity_id
495,saved,3,65b9363582c661c2f56325ed,test_profile_id47,test_user_id47,temp_activity_id
496,bought,4,65def76b216e2e3b3c0595de,test_profile_id47,test_user_id47,temp_activity_id
497,dislike,0,65deec86216e2e3b3c059447,test_profile_id48,test_user_id48,temp_activity_id
498,liked,1,65dee51c9bef090bb07b0773,test_profile_id48,test_user_id48,temp_activity_id
499,liked,1,65d732fca345eb4b3e1a8f60,test_profile_id48,test_user_id48,temp_activity_id
500,liked,1,65defc71216e2e3b3c059746,test_profile_id48,test_user_id48,temp_activity_id
501,liked,1,65b361366932958a4f56f4ba,test_profile_id48,test_user_id48,temp_activity_id
502,liked,1,65dedb689bef090bb07b04b4,test_profile_id48,test_user_id48,temp_activity_id
503,liked,1,65dee51c9bef090bb07b0773,test_profile_id48,test_user_id48,temp_activity_id
504,liked,1,65defc71216e2e3b3c059746,test_profile_id48,test_user_id48,temp_activity_id
505,loved,2,65dee84e9bef090bb07b0977,test_profile_id48,test_user_id48,temp_activity_id
506,saved,3,65d732fca345eb4b3e1a8f60,test_profile_id48,test_user_id48,temp_activity_id
507,bought,4,65dee51c9bef090bb07b0768,test_profile_id48,test_user_id48,temp_activity_id
508,dislike,0,65c32972b70abd578178d351,test_profile_id49,test_user_id49,temp_activity_id
509,dislike,0,65df0916216e2e3b3c059b4b,test_profile_id49,test_user_id49,temp_activity_id
510,liked,1,65df0916216e2e3b3c059b6d,test_profile_id49,test_user_id49,temp_activity_id
511,liked,1,65df0916216e2e3b3c059b2c,test_profile_id49,test_user_id49,temp_activity_id
512,liked,1,65def76b216e2e3b3c0595aa,test_profile_id49,test_user_id49,temp_activity_id
513,loved,2,65df0916216e2e3b3c059b6d,test_profile_id49,test_user_id49,temp_activity_id
514,loved,2,65df0916216e2e3b3c059b2c,test_profile_id49,test_user_id49,temp_activity_id
515,loved,2,65def76b216e2e3b3c0595a1,test_profile_id49,test_user_id49,temp_activity_id
516,saved,3,65df0916216e2e3b3c059b2c,test_profile_id49,test_user_id49,temp_activity_id
517,saved,3,65df0916216e2e3b3c059b6d,test_profile_id49,test_user_id49,temp_activity_id
518,saved,3,65df0916216e2e3b3c059b47,test_profile_id49,test_user_id49,temp_activity_id
519,saved,3,65df0916216e2e3b3c059b36,test_profile_id49,test_user_id49,temp_activity_id
520,bought,4,65df0916216e2e3b3c059b47,test_profile_id49,test_user_id49,temp_activity_id
521,dislike,0,65dedb689bef090bb07b04e6,test_profile_id50,test_user_id0,temp_activity_id
522,dislike,0,65b353cf6932958a4f56f449,test_profile_id50,test_user_id0,temp_activity_id
523,liked,1,65dedb699bef090bb07b04ed,test_profile_id50,test_user_id0,temp_activity_id
524,liked,1,65d5f6efe1dfe9c4ae7f5585,test_profile_id50,test_user_id0,temp_activity_id
525,liked,1,65d5f6efe1dfe9c4ae7f5574,test_profile_id50,test_user_id0,temp_activity_id
526,liked,1,65d5f6efe1dfe9c4ae7f5574,test_profile_id50,test_user_id0,temp_activity_id
527,liked,1,65dee51c9bef090bb07b0762,test_profile_id50,test_user_id0,temp_activity_id
528,liked,1,65d732fca345eb4b3e1a8f60,test_profile_id50,test_user_id0,temp_activity_id
529,loved,2,65b933d682c661c2f56325d5,test_profile_id50,test_user_id0,temp_activity_id
530,loved,2,65def76b216e2e3b3c0595b3,test_profile_id50,test_user_id0,temp_activity_id
531,loved,2,65def76b216e2e3b3c0595b7,test_profile_id50,test_user_id0,temp_activity_id
532,loved,2,65d732fca345eb4b3e1a8f60,test_profile_id50,test_user_id0,temp_activity_id
533,saved,3,65def76b216e2e3b3c0595b7,test_profile_id50,test_user_id0,temp_activity_id
534,saved,3,65d732fca345eb4b3e1a8f60,test_profile_id50,test_user_id0,temp_activity_id
535,bought,4,65b933d682c661c2f56325d5,test_profile_id50,test_user_id0,temp_activity_id
536,dislike,0,65dee84e9bef090bb07b0992,test_profile_id51,test_user_id1,temp_activity_id
537,dislike,0,65d732fca345eb4b3e1a8f65,test_profile_id51,test_user_id1,temp_activity_id
538,liked,1,65dee51c9bef090bb07b07aa,test_profile_id51,test_user_id1,temp_activity_id
539,liked,1,65dee51c9bef090bb07b07b9,test_profile_id51,test_user_id1,temp_activity_id
540,liked,1,65dee51c9bef090bb07b07a0,test_profile_id51,test_user_id1,temp_activity_id
541,loved,2,65def76b216e2e3b3c0595cd,test_profile_id51,test_user_id1,temp_activity_id
542,loved,2,65e6e6d5042ac4899afe24f2,test_profile_id51,test_user_id1,temp_activity_id
543,loved,2,65dee51c9bef090bb07b0783,test_profile_id51,test_user_id1,temp_activity_id
544,saved,3,65dee51c9bef090bb07b0765,test_profile_id51,test_user_id1,temp_activity_id
545,saved,3,65dee51c9bef090bb07b0765,test_profile_id51,test_user_id1,temp_activity_id
546,bought,4,65defc71216e2e3b3c0596f7,test_profile_id51,test_user_id1,temp_activity_id
547,dislike,0,65defc71216e2e3b3c0596fe,test_profile_id52,test_user_id2,temp_activity_id
548,dislike,0,65deec86216e2e3b3c059422,test_profile_id52,test_user_id2,temp_activity_id
549,liked,1,65defc71216e2e3b3c059704,test_profile_id52,test_user_id2,temp_activity_id
550,liked,1,65d732fca345eb4b3e1a8f33,test_profile_id52,test_user_id2,temp_activity_id
551,liked,1,65deec86216e2e3b3c059422,test_profile_id52,test_user_id2,temp_activity_id
552,liked,1,65deec86216e2e3b3c059441,test_profile_id52,test_user_id2,temp_activity_id
553,liked,1,65defc71216e2e3b3c0596fe,test_profile_id52,test_user_id2,temp_activity_id
554,loved,2,65dedf939bef090bb07b05f4,test_profile_id52,test_user_id2,temp_activity_id
555,saved,3,65dedf939bef090bb07b05dc,test_profile_id52,test_user_id2,temp_activity_id
556,saved,3,65defc71216e2e3b3c059704,test_profile_id52,test_user_id2,temp_activity_id
557,bought,4,65dedf939bef090bb07b05f4,test_profile_id52,test_user_id2,temp_activity_id
558,dislike,0,65defc71216e2e3b3c05972e,test_profile_id53,test_user_id3,temp_activity_id
559,dislike,0,65dee51c9bef090bb07b0761,test_profile_id53,test_user_id3,temp_activity_id
560,liked,1,65dee51c9bef090bb07b0761,test_profile_id53,test_user_id3,temp_activity_id
561,liked,1,65b361366932958a4f56f4ba,test_profile_id53,test_user_id3,temp_activity_id
562,liked,1,65dee51c9bef090bb07b0759,test_profile_id53,test_user_id3,temp_activity_id
563,loved,2,65d5f6efe1dfe9c4ae7f5571,test_profile_id53,test_user_id3,temp_activity_id
564,saved,3,65d732fca345eb4b3e1a8fcf,test_profile_id53,test_user_id3,temp_activity_id
565,saved,3,65dee51c9bef090bb07b0759,test_profile_id53,test_user_id3,temp_activity_id
566,saved,3,65b361366932958a4f56f4ba,test_profile_id53,test_user_id3,temp_activity_id
567,bought,4,65b361366932958a4f56f4ba,test_profile_id53,test_user_id3,temp_activity_id
568,dislike,0,65b361366932958a4f56f4ba,test_profile_id54,test_user_id4,temp_activity_id
569,dislike,0,65def76b216e2e3b3c059572,test_profile_id54,test_user_id4,temp_activity_id
570,liked,1,65dee84e9bef090bb07b0983,test_profile_id54,test_user_id4,temp_activity_id
571,liked,1,65dee84e9bef090bb07b0957,test_profile_id54,test_user_id4,temp_activity_id
572,loved,2,65dee84e9bef090bb07b0983,test_profile_id54,test_user_id4,temp_activity_id
573,loved,2,65dedb689bef090bb07b04a6,test_profile_id54,test_user_id4,temp_activity_id
574,loved,2,65d732fca345eb4b3e1a8fd4,test_profile_id54,test_user_id4,temp_activity_id
575,loved,2,65e6e770042ac4899afe250b,test_profile_id54,test_user_id4,temp_activity_id
576,saved,3,65d732fca345eb4b3e1a8fd4,test_profile_id54,test_user_id4,temp_activity_id
577,bought,4,65d732fca345eb4b3e1a8fd4,test_profile_id54,test_user_id4,temp_activity_id
578,dislike,0,65def76b216e2e3b3c059588,test_profile_id55,test_user_id5,temp_activity_id
579,dislike,0,65dedb689bef090bb07b04c7,test_profile_id55,test_user_id5,temp_activity_id
580,liked,1,65df0916216e2e3b3c059b04,test_profile_id55,test_user_id5,temp_activity_id
581,liked,1,65dedb689bef090bb07b04c7,test_profile_id55,test_user_id5,temp_activity_id
582,liked,1,65def76b216e2e3b3c059588,test_profile_id55,test_user_id5,temp_activity_id
583,liked,1,65dee84e9bef090bb07b095e,test_profile_id55,test_user_id5,temp_activity_id
584,liked,1,65dee84e9bef090bb07b0961,test_profile_id55,test_user_id5,temp_activity_id
585,liked,1,65b379346932958a4f56f539,test_profile_id55,test_user_id5,temp_activity_id
586,loved,2,65dee84e9bef090bb07b094c,test_profile_id55,test_user_id5,temp_activity_id
587,loved,2,65dee84e9bef090bb07b094c,test_profile_id55,test_user_id5,temp_activity_id
588,loved,2,65d5f6efe1dfe9c4ae7f5575,test_profile_id55,test_user_id5,temp_activity_id
589,loved,2,65dee84e9bef090bb07b0960,test_profile_id55,test_user_id5,temp_activity_id
590,saved,3,65dee84e9bef090bb07b0960,test_profile_id55,test_user_id5,temp_activity_id
591,saved,3,65d5f6efe1dfe9c4ae7f5584,test_profile_id55,test_user_id5,temp_activity_id
592,saved,3,65dee84e9bef090bb07b0987,test_profile_id55,test_user_id5,temp_activity_id
593,bought,4,65b944e182c661c2f56326e4,test_profile_id55,test_user_id5,temp_activity_id
594,dislike,0,65dee51c9bef090bb07b076d,test_profile_id56,test_user_id6,temp_activity_id
595,dislike,0,65dee51c9bef090bb07b076d,test_profile_id56,test_user_id6,temp_activity_id
596,liked,1,65d5f6efe1dfe9c4ae7f5569,test_profile_id56,test_user_id6,temp_activity_id
597,loved,2,65dee84e9bef090bb07b0984,test_profile_id56,test_user_id6,temp_activity_id
598,loved,2,65b7e78b71d8394e325feefa,test_profile_id56,test_user_id6,temp_activity_id
599,loved,2,65dee84e9bef090bb07b0984,test_profile_id56,test_user_id6,temp_activity_id
600,loved,2,65d732fca345eb4b3e1a8f60,test_profile_id56,test_user_id6,temp_activity_id
601,saved,3,65dedb689bef090bb07b04cb,test_profile_id56,test_user_id6,temp_activity_id
602,bought,4,65dedb689bef090bb07b04cb,test_profile_id56,test_user_id6,temp_activity_id
603,dislike,0,65dedb689bef090bb07b04dd,test_profile_id57,test_user_id7,temp_activity_id
604,dislike,0,65dedb689bef090bb07b04dd,test_profile_id57,test_user_id7,temp_activity_id
605,liked,1,65df0916216e2e3b3c059b40,test_profile_id57,test_user_id7,temp_activity_id
606,loved,2,65dedf939bef090bb07b05e0,test_profile_id57,test_user_id7,temp_activity_id
607,loved,2,65df0916216e2e3b3c059b40,test_profile_id57,test_user_id7,temp_activity_id
608,saved,3,65df0916216e2e3b3c059b40,test_profile_id57,test_user_id7,temp_activity_id
609,saved,3,65dedf939bef090bb07b0602,test_profile_id57,test_user_id7,temp_activity_id
610,saved,3,65defc71216e2e3b3c05973f,test_profile_id57,test_user_id7,temp_activity_id
611,saved,3,65df0916216e2e3b3c059b6f,test_profile_id57,test_user_id7,temp_activity_id
612,bought,4,65dedf939bef090bb07b05ec,test_profile_id57,test_user_id7,temp_activity_id
613,dislike,0,65dedb699bef090bb07b04fb,test_profile_id58,test_user_id8,temp_activity_id
614,liked,1,65defc71216e2e3b3c059705,test_profile_id58,test_user_id8,temp_activity_id
615,liked,1,65dedb689bef090bb07b04e3,test_profile_id58,test_user_id8,temp_activity_id
616,liked,1,65b93b4982c661c2f5632657,test_profile_id58,test_user_id8,temp_activity_id
617,liked,1,65dee84e9bef090bb07b095c,test_profile_id58,test_user_id8,temp_activity_id
618,liked,1,65def76b216e2e3b3c05958f,test_profile_id58,test_user_id8,temp_activity_id
619,loved,2,65b93b4982c661c2f5632657,test_profile_id58,test_user_id8,temp_activity_id
620,saved,3,65dee51c9bef090bb07b0733,test_profile_id58,test_user_id8,temp_activity_id
621,saved,3,65defc71216e2e3b3c059705,test_profile_id58,test_user_id8,temp_activity_id
622,saved,3,65defc71216e2e3b3c059705,test_profile_id58,test_user_id8,temp_activity_id
623,bought,4,65dee51c9bef090bb07b0733,test_profile_id58,test_user_id8,temp_activity_id
624,dislike,0,65e6e5d3042ac4899afe24e5,test_profile_id59,test_user_id9,temp_activity_id
625,dislike,0,65defe2e216e2e3b3c0598c2,test_profile_id59,test_user_id9,temp_activity_id
626,liked,1,65df02c3216e2e3b3c0599a9,test_profile_id59,test_user_id9,temp_activity_id
627,liked,1,65d5f6efe1dfe9c4ae7f5582,test_profile_id59,test_user_id9,temp_activity_id
628,liked,1,65dee51c9bef090bb07b076e,test_profile_id59,test_user_id9,temp_activity_id
629,liked,1,65d732fca345eb4b3e1a8f60,test_profile_id59,test_user_id9,temp_activity_id
630,liked,1,65dedb699bef090bb07b04ed,test_profile_id59,test_user_id9,temp_activity_id
631,loved,2,65dedb699bef090bb07b04f9,test_profile_id59,test_user_id9,temp_activity_id
632,loved,2,65dedb699bef090bb07b04f7,test_profile_id59,test_user_id9,temp_activity_id
633,saved,3,65d5f6efe1dfe9c4ae7f5582,test_profile_id59,test_user_id9,temp_activity_id
634,saved,3,65b7e78b71d8394e325feefa,test_profile_id59,test_user_id9,temp_activity_id
635,saved,3,65dedb689bef090bb07b04cb,test_profile_id59,test_user_id9,temp_activity_id
636,saved,3,65d5f6efe1dfe9c4ae7f5582,test_profile_id59,test_user_id9,temp_activity_id
637,bought,4,65dedb689bef090bb07b04cb,test_profile_id59,test_user_id9,temp_activity_id
638,dislike,0,65d732fca345eb4b3e1a8fb1,test_profile_id60,test_user_id10,temp_activity_id
639,liked,1,65b3563e6932958a4f56f463,test_profile_id60,test_user_id10,temp_activity_id
640,liked,1,65dee84e9bef090bb07b0983,test_profile_id60,test_user_id10,temp_activity_id
641,liked,1,65def76b216e2e3b3c0595d0,test_profile_id60,test_user_id10,temp_activity_id
642,liked,1,65defc71216e2e3b3c059777,test_profile_id60,test_user_id10,temp_activity_id
643,liked,1,65dedb689bef090bb07b04aa,test_profile_id60,test_user_id10,temp_activity_id
644,liked,1,65b377986932958a4f56f529,test_profile_id60,test_user_id10,temp_activity_id
645,liked,1,65b3563e6932958a4f56f463,test_profile_id60,test_user_id10,temp_activity_id
646,loved,2,65dedb689bef090bb07b04ae,test_profile_id60,test_user_id10,temp_activity_id
647,saved,3,65b377986932958a4f56f529,test_profile_id60,test_user_id10,temp_activity_id
648,saved,3,65defc71216e2e3b3c059777,test_profile_id60,test_user_id10,temp_activity_id
649,saved,3,65dedb689bef090bb07b04ae,test_profile_id60,test_user_id10,temp_activity_id
650,saved,3,65defc71216e2e3b3c059777,test_profile_id60,test_user_id10,temp_activity_id
651,bought,4,65defc71216e2e3b3c059777,test_profile_id60,test_user_id10,temp_activity_id
652,dislike,0,65dedb689bef090bb07b04b3,test_profile_id61,test_user_id11,temp_activity_id
653,dislike,0,65dedb689bef090bb07b04b4,test_profile_id61,test_user_id11,temp_activity_id
654,liked,1,65b3563e6932958a4f56f463,test_profile_id61,test_user_id11,temp_activity_id
655,liked,1,65d732fca345eb4b3e1a8fcc,test_profile_id61,test_user_id11,temp_activity_id
656,liked,1,65dedb689bef090bb07b04cf,test_profile_id61,test_user_id11,temp_activity_id
657,liked,1,65b3563e6932958a4f56f463,test_profile_id61,test_user_id11,temp_activity_id
658,loved,2,65d732fca345eb4b3e1a8fcd,test_profile_id61,test_user_id11,temp_activity_id
659,loved,2,65dedf939bef090bb07b05e9,test_profile_id61,test_user_id11,temp_activity_id
660,saved,3,65b93b4982c661c2f5632657,test_profile_id61,test_user_id11,temp_activity_id
661,saved,3,65b944e182c661c2f56326e4,test_profile_id61,test_user_id11,temp_activity_id
662,saved,3,65b93b4982c661c2f5632657,test_profile_id61,test_user_id11,temp_activity_id
663,saved,3,65dee84e9bef090bb07b095c,test_profile_id61,test_user_id11,temp_activity_id
664,bought,4,65b944e182c661c2f56326e4,test_profile_id61,test_user_id11,temp_activity_id
665,dislike,0,65d732fca345eb4b3e1a8f76,test_profile_id62,test_user_id12,temp_activity_id
666,liked,1,65dee51c9bef090bb07b075b,test_profile_id62,test_user_id12,temp_activity_id
667,liked,1,65dedf939bef090bb07b0624,test_profile_id62,test_user_id12,temp_activity_id
668,liked,1,65b9363582c661c2f56325ed,test_profile_id62,test_user_id12,temp_activity_id
669,liked,1,65d732fca345eb4b3e1a8f5e,test_profile_id62,test_user_id12,temp_activity_id
670,liked,1,65dee51c9bef090bb07b076e,test_profile_id62,test_user_id12,temp_activity_id
671,liked,1,65d732fca345eb4b3e1a8f69,test_profile_id62,test_user_id12,temp_activity_id
672,loved,2,65dee84e9bef090bb07b0973,test_profile_id62,test_user_id12,temp_activity_id
673,loved,2,65d732fca345eb4b3e1a8f71,test_profile_id62,test_user_id12,temp_activity_id
674,loved,2,65dee84e9bef090bb07b0973,test_profile_id62,test_user_id12,temp_activity_id
675,loved,2,65d732fca345eb4b3e1a8f5b,test_profile_id62,test_user_id12,temp_activity_id
676,saved,3,65d732fca345eb4b3e1a8f71,test_profile_id62,test_user_id12,temp_activity_id
677,saved,3,65d732fca345eb4b3e1a8fd5,test_profile_id62,test_user_id12,temp_activity_id
678,bought,4,65d732fca345eb4b3e1a8fcf,test_profile_id62,test_user_id12,temp_activity_id
679,dislike,0,65defc71216e2e3b3c059722,test_profile_id63,test_user_id13,temp_activity_id
680,liked,1,65defc71216e2e3b3c059722,test_profile_id63,test_user_id13,temp_activity_id
681,liked,1,65df02c3216e2e3b3c059971,test_profile_id63,test_user_id13,temp_activity_id
682,liked,1,65df0916216e2e3b3c059b6c,test_profile_id63,test_user_id13,temp_activity_id
683,liked,1,65b7d81371d8394e325feedf,test_profile_id63,test_user_id13,temp_activity_id
684,liked,1,65b2641a6932958a4f56f430,test_profile_id63,test_user_id13,temp_activity_id
685,loved,2,65d732fca345eb4b3e1a8fb7,test_profile_id63,test_user_id13,temp_activity_id
686,loved,2,65df02c3216e2e3b3c059996,test_profile_id63,test_user_id13,temp_activity_id
687,loved,2,65f1f4b66a26a70c378100c5,test_profile_id63,test_user_id13,temp_activity_id
688,loved,2,65f1f4b66a26a70c378100c5,test_profile_id63,test_user_id13,temp_activity_id
689,saved,3,65d732fca345eb4b3e1a8fb7,test_profile_id63,test_user_id13,temp_activity_id
690,saved,3,65d732fca345eb4b3e1a8fb7,test_profile_id63,test_user_id13,temp_activity_id
691,bought,4,65b92bca82c661c2f5632588,test_profile_id63,test_user_id13,temp_activity_id
692,dislike,0,65d73d213d9a9d73e2d1b215,test_profile_id64,test_user_id14,temp_activity_id
693,liked,1,65defc71216e2e3b3c05974a,test_profile_id64,test_user_id14,temp_activity_id
694,liked,1,65def76b216e2e3b3c0595db,test_profile_id64,test_user_id14,temp_activity_id
695,liked,1,65b26315c77fb76fc87fd9ef,test_profile_id64,test_user_id14,temp_activity_id
696,liked,1,65dedf939bef090bb07b05d1,test_profile_id64,test_user_id14,temp_activity_id
697,liked,1,65dedf939bef090bb07b05e5,test_profile_id64,test_user_id14,temp_activity_id
698,loved,2,65def76b216e2e3b3c0595b7,test_profile_id64,test_user_id14,temp_activity_id
699,loved,2,65d732fca345eb4b3e1a8f9e,test_profile_id64,test_user_id14,temp_activity_id
700,saved,3,65def76b216e2e3b3c0595b7,test_profile_id64,test_user_id14,temp_activity_id
701,saved,3,65defc71216e2e3b3c05974a,test_profile_id64,test_user_id14,temp_activity_id
702,saved,3,65dedf939bef090bb07b05d2,test_profile_id64,test_user_id14,temp_activity_id
703,bought,4,65dedf939bef090bb07b05d2,test_profile_id64,test_user_id14,temp_activity_id
704,dislike,0,65def76b216e2e3b3c059578,test_profile_id65,test_user_id15,temp_activity_id
705,dislike,0,65dee51c9bef090bb07b0748,test_profile_id65,test_user_id15,temp_activity_id
706,liked,1,65dedf939bef090bb07b0615,test_profile_id65,test_user_id15,temp_activity_id
707,liked,1,65def76b216e2e3b3c059578,test_profile_id65,test_user_id15,temp_activity_id
708,liked,1,65dedf939bef090bb07b05f3,test_profile_id65,test_user_id15,temp_activity_id
709,liked,1,65dee51c9bef090bb07b0762,test_profile_id65,test_user_id15,temp_activity_id
710,liked,1,65d5f6efe1dfe9c4ae7f5556,test_profile_id65,test_user_id15,temp_activity_id
711,loved,2,65defc71216e2e3b3c05972e,test_profile_id65,test_user_id15,temp_activity_id
712,loved,2,65defc71216e2e3b3c05972e,test_profile_id65,test_user_id15,temp_activity_id
713,loved,2,65defc71216e2e3b3c05972e,test_profile_id65,test_user_id15,temp_activity_id
714,loved,2,65dee51c9bef090bb07b0762,test_profile_id65,test_user_id15,temp_activity_id
715,saved,3,65dee51c9bef090bb07b077c,test_profile_id65,test_user_id15,temp_activity_id
716,saved,3,65dee51c9bef090bb07b077c,test_profile_id65,test_user_id15,temp_activity_id
717,bought,4,65dee51c9bef090bb07b0762,test_profile_id65,test_user_id15,temp_activity_id
718,dislike,0,65dedb689bef090bb07b04a6,test_profile_id66,test_user_id16,temp_activity_id
719,dislike,0,65dedb689bef090bb07b04bf,test_profile_id66,test_user_id16,temp_activity_id
720,liked,1,65dedb689bef090bb07b04be,test_profile_id66,test_user_id16,temp_activity_id
721,liked,1,65b93ee782c661c2f5632695,test_profile_id66,test_user_id16,temp_activity_id
722,liked,1,65dee51c9bef090bb07b0733,test_profile_id66,test_user_id16,temp_activity_id
723,liked,1,65dedb689bef090bb07b04b3,test_profile_id66,test_user_id16,temp_activity_id
724,liked,1,65dedb689bef090bb07b04cf,test_profile_id66,test_user_id16,temp_activity_id
725,loved,2,65defc71216e2e3b3c05976f,test_profile_id66,test_user_id16,temp_activity_id
726,loved,2,65e6e770042ac4899afe250b,test_profile_id66,test_user_id16,temp_activity_id
727,loved,2,65dee51c9bef090bb07b0733,test_profile_id66,test_user_id16,temp_activity_id
728,saved,3,65e6e770042ac4899afe250b,test_profile_id66,test_user_id16,temp_activity_id
729,bought,4,65dedb689bef090bb07b04e5,test_profile_id66,test_user_id16,temp_activity_id
730,dislike,0,65dee51c9bef090bb07b076c,test_profile_id67,test_user_id17,temp_activity_id
731,liked,1,65b93b4982c661c2f5632657,test_profile_id67,test_user_id17,temp_activity_id
732,liked,1,65defc71216e2e3b3c05976f,test_profile_id67,test_user_id17,temp_activity_id
733,liked,1,65dedb689bef090bb07b04e4,test_profile_id67,test_user_id17,temp_activity_id
734,liked,1,65def76b216e2e3b3c0595d2,test_profile_id67,test_user_id17,temp_activity_id
735,liked,1,65dedb689bef090bb07b04c2,test_profile_id67,test_user_id17,temp_activity_id
736,liked,1,65dedb699bef090bb07b04fb,test_profile_id67,test_user_id17,temp_activity_id
737,liked,1,65dee84e9bef090bb07b095c,test_profile_id67,test_user_id17,temp_activity_id
738,loved,2,65d732fca345eb4b3e1a8fcc,test_profile_id67,test_user_id17,temp_activity_id
739,loved,2,65d732fca345eb4b3e1a8fcc,test_profile_id67,test_user_id17,temp_activity_id
740,loved,2,65dedb689bef090bb07b04e1,test_profile_id67,test_user_id17,temp_activity_id
741,loved,2,65defc71216e2e3b3c05976f,test_profile_id67,test_user_id17,temp_activity_id
742,saved,3,65b944e182c661c2f56326e4,test_profile_id67,test_user_id17,temp_activity_id
743,saved,3,65b944e182c661c2f56326e4,test_profile_id67,test_user_id17,temp_activity_id
744,saved,3,65b944e182c661c2f56326e4,test_profile_id67,test_user_id17,temp_activity_id
745,bought,4,65dedb689bef090bb07b04e1,test_profile_id67,test_user_id17,temp_activity_id
746,dislike,0,65defc71216e2e3b3c059761,test_profile_id68,test_user_id18,temp_activity_id
747,dislike,0,65deec86216e2e3b3c05942c,test_profile_id68,test_user_id18,temp_activity_id
748,liked,1,65def76b216e2e3b3c0595af,test_profile_id68,test_user_id18,temp_activity_id
749,liked,1,65dedb689bef090bb07b04c4,test_profile_id68,test_user_id18,temp_activity_id
750,liked,1,65deec86216e2e3b3c05942c,test_profile_id68,test_user_id18,temp_activity_id
751,liked,1,65dedb689bef090bb07b04a1,test_profile_id68,test_user_id18,temp_activity_id
752,liked,1,65dedf939bef090bb07b05f2,test_profile_id68,test_user_id18,temp_activity_id
753,liked,1,65dedb689bef090bb07b04a1,test_profile_id68,test_user_id18,temp_activity_id
754,loved,2,65dedb689bef090bb07b04c4,test_profile_id68,test_user_id18,temp_activity_id
755,loved,2,65dedb689bef090bb07b04c4,test_profile_id68,test_user_id18,temp_activity_id
756,loved,2,65dedb689bef090bb07b04d5,test_profile_id68,test_user_id18,temp_activity_id
757,saved,3,65dedb689bef090bb07b04c4,test_profile_id68,test_user_id18,temp_activity_id
758,saved,3,65deec86216e2e3b3c059422,test_profile_id68,test_user_id18,temp_activity_id
759,saved,3,65dedb689bef090bb07b04a1,test_profile_id68,test_user_id18,temp_activity_id
760,saved,3,65deec86216e2e3b3c059422,test_profile_id68,test_user_id18,temp_activity_id
761,bought,4,65dedb689bef090bb07b04d5,test_profile_id68,test_user_id18,temp_activity_id
762,dislike,0,65df0916216e2e3b3c059b5d,test_profile_id69,test_user_id19,temp_activity_id
763,liked,1,65df02c3216e2e3b3c059983,test_profile_id69,test_user_id19,temp_activity_id
764,liked,1,65defc71216e2e3b3c05976a,test_profile_id69,test_user_id19,temp_activity_id
765,liked,1,65df0916216e2e3b3c059af7,test_profile_id69,test_user_id19,temp_activity_id
766,liked,1,65df0916216e2e3b3c059b52,test_profile_id69,test_user_id19,temp_activity_id
767,liked,1,65defc71216e2e3b3c05976a,test_profile_id69,test_user_id19,temp_activity_id
768,loved,2,65df0916216e2e3b3c059b18,test_profile_id69,test_user_id19,temp_activity_id
769,loved,2,65df0916216e2e3b3c059b6f,test_profile_id69,test_user_id19,temp_activity_id
770,saved,3,65defe2e216e2e3b3c0598ba,test_profile_id69,test_user_id19,temp_activity_id
771,bought,4,65df0916216e2e3b3c059b18,test_profile_id69,test_user_id19,temp_activity_id
772,dislike,0,65def76b216e2e3b3c0595ce,test_profile_id70,test_user_id20,temp_activity_id
773,dislike,0,65b93e0f82c661c2f5632685,test_profile_id70,test_user_id20,temp_activity_id
774,liked,1,65b93e0f82c661c2f5632685,test_profile_id70,test_user_id20,temp_activity_id
775,liked,1,65b93e0f82c661c2f5632685,test_profile_id70,test_user_id20,temp_activity_id
776,liked,1,65deec86216e2e3b3c059432,test_profile_id70,test_user_id20,temp_activity_id
777,loved,2,65df0916216e2e3b3c059b56,test_profile_id70,test_user_id20,temp_activity_id
778,loved,2,65df0916216e2e3b3c059b56,test_profile_id70,test_user_id20,temp_activity_id
779,loved,2,65dee51c9bef090bb07b0739,test_profile_id70,test_user_id20,temp_activity_id
780,saved,3,65dee84e9bef090bb07b0959,test_profile_id70,test_user_id20,temp_activity_id
781,saved,3,65dee84e9bef090bb07b0959,test_profile_id70,test_user_id20,temp_activity_id
782,bought,4,65dee84e9bef090bb07b0957,test_profile_id70,test_user_id20,temp_activity_id
783,dislike,0,65dee51c9bef090bb07b0734,test_profile_id71,test_user_id21,temp_activity_id
784,dislike,0,65df0916216e2e3b3c059b1e,test_profile_id71,test_user_id21,temp_activity_id
785,liked,1,65df0916216e2e3b3c059b1e,test_profile_id71,test_user_id21,temp_activity_id
786,liked,1,65dee51c9bef090bb07b079c,test_profile_id71,test_user_id21,temp_activity_id
787,liked,1,65deec86216e2e3b3c059470,test_profile_id71,test_user_id21,temp_activity_id
788,liked,1,65dee51c9bef090bb07b07b2,test_profile_id71,test_user_id21,temp_activity_id
789,liked,1,65deec86216e2e3b3c059431,test_profile_id71,test_user_id21,temp_activity_id
790,liked,1,65dedb689bef090bb07b049f,test_profile_id71,test_user_id21,temp_activity_id
791,liked,1,65deec86216e2e3b3c059462,test_profile_id71,test_user_id21,temp_activity_id
792,loved,2,65deec86216e2e3b3c059470,test_profile_id71,test_user_id21,temp_activity_id
793,loved,2,65deec86216e2e3b3c05946e,test_profile_id71,test_user_id21,temp_activity_id
794,loved,2,65dedf939bef090bb07b0616,test_profile_id71,test_user_id21,temp_activity_id
795,saved,3,65deec86216e2e3b3c059462,test_profile_id71,test_user_id21,temp_activity_id
796,saved,3,65dee51c9bef090bb07b0732,test_profile_id71,test_user_id21,temp_activity_id
797,saved,3,65deec86216e2e3b3c059462,test_profile_id71,test_user_id21,temp_activity_id
798,saved,3,65dee84e9bef090bb07b0997,test_profile_id71,test_user_id21,temp_activity_id
799,bought,4,65deec86216e2e3b3c059462,test_profile_id71,test_user_id21,temp_activity_id
800,dislike,0,65b361366932958a4f56f4ba,test_profile_id72,test_user_id22,temp_activity_id
801,dislike,0,65b379346932958a4f56f539,test_profile_id72,test_user_id22,temp_activity_id
802,liked,1,65b9399d82c661c2f563262e,test_profile_id72,test_user_id22,temp_activity_id
803,liked,1,65defe2e216e2e3b3c0598cb,test_profile_id72,test_user_id22,temp_activity_id
804,liked,1,65df02c3216e2e3b3c05999c,test_profile_id72,test_user_id22,temp_activity_id
805,loved,2,65def76b216e2e3b3c05957d,test_profile_id72,test_user_id22,temp_activity_id
806,loved,2,65b353cf6932958a4f56f449,test_profile_id72,test_user_id22,temp_activity_id
807,loved,2,65dee84e9bef090bb07b0977,test_profile_id72,test_user_id22,temp_activity_id
808,loved,2,65b353cf6932958a4f56f449,test_profile_id72,test_user_id22,temp_activity_id
809,saved,3,65defc71216e2e3b3c05972d,test_profile_id72,test_user_id22,temp_activity_id
810,saved,3,65b3549f6932958a4f56f453,test_profile_id72,test_user_id22,temp_activity_id
811,bought,4,65b3549f6932958a4f56f453,test_profile_id72,test_user_id22,temp_activity_id
812,dislike,0,65d732fca345eb4b3e1a8f67,test_profile_id73,test_user_id23,temp_activity_id
813,dislike,0,65d732fca345eb4b3e1a8f5e,test_profile_id73,test_user_id23,temp_activity_id
814,liked,1,65d732fca345eb4b3e1a8f76,test_profile_id73,test_user_id23,temp_activity_id
815,liked,1,65def76b216e2e3b3c0595d5,test_profile_id73,test_user_id23,temp_activity_id
816,liked,1,65d732fca345eb4b3e1a8f5e,test_profile_id73,test_user_id23,temp_activity_id
817,liked,1,65e85883d19434e6a3faa55d,test_profile_id73,test_user_id23,temp_activity_id
818,liked,1,65def76b216e2e3b3c0595c5,test_profile_id73,test_user_id23,temp_activity_id
819,liked,1,65def76b216e2e3b3c05958a,test_profile_id73,test_user_id23,temp_activity_id
820,loved,2,65defc71216e2e3b3c05976f,test_profile_id73,test_user_id23,temp_activity_id
821,saved,3,65d5f6efe1dfe9c4ae7f5554,test_profile_id73,test_user_id23,temp_activity_id
822,saved,3,65def76b216e2e3b3c0595cb,test_profile_id73,test_user_id23,temp_activity_id
823,bought,4,65dee51c9bef090bb07b076c,test_profile_id73,test_user_id23,temp_activity_id
824,dislike,0,65df02c3216e2e3b3c059995,test_profile_id74,test_user_id24,temp_activity_id
825,dislike,0,65df02c3216e2e3b3c05997f,test_profile_id74,test_user_id24,temp_activity_id
826,liked,1,65b7954e0154fd0c1818c765,test_profile_id74,test_user_id24,temp_activity_id
827,liked,1,65df02c3216e2e3b3c059950,test_profile_id74,test_user_id24,temp_activity_id
828,liked,1,65bb940f4b4e8017fe41c6a5,test_profile_id74,test_user_id24,temp_activity_id
829,liked,1,65bb940f4b4e8017fe41c6a5,test_profile_id74,test_user_id24,temp_activity_id
830,liked,1,65b7954e0154fd0c1818c765,test_profile_id74,test_user_id24,temp_activity_id
831,liked,1,65df02c3216e2e3b3c05997f,test_profile_id74,test_user_id24,temp_activity_id
832,loved,2,65bb940f4b4e8017fe41c6a5,test_profile_id74,test_user_id24,temp_activity_id
833,saved,3,65dee84e9bef090bb07b0973,test_profile_id74,test_user_id24,temp_activity_id
834,bought,4,65df02c3216e2e3b3c059950,test_profile_id74,test_user_id24,temp_activity_id
835,dislike,0,65d732fca345eb4b3e1a8fd4,test_profile_id75,test_user_id25,temp_activity_id
836,dislike,0,65d732fca345eb4b3e1a8fb6,test_profile_id75,test_user_id25,temp_activity_id
837,liked,1,65d732fca345eb4b3e1a8f5a,test_profile_id75,test_user_id25,temp_activity_id
838,liked,1,65dee84e9bef090bb07b0982,test_profile_id75,test_user_id25,temp_activity_id
839,loved,2,65defc71216e2e3b3c05971b,test_profile_id75,test_user_id25,temp_activity_id
840,loved,2,65d732fca345eb4b3e1a8fcf,test_profile_id75,test_user_id25,temp_activity_id
841,loved,2,65dee84e9bef090bb07b0982,test_profile_id75,test_user_id25,temp_activity_id
842,loved,2,65defc71216e2e3b3c05971b,test_profile_id75,test_user_id25,temp_activity_id
843,saved,3,65b361366932958a4f56f4ba,test_profile_id75,test_user_id25,temp_activity_id
844,bought,4,65d732fca345eb4b3e1a8f72,test_profile_id75,test_user_id25,temp_activity_id
845,dislike,0,65def76b216e2e3b3c0595b0,test_profile_id76,test_user_id26,temp_activity_id
846,dislike,0,65def76b216e2e3b3c0595b0,test_profile_id76,test_user_id26,temp_activity_id
847,liked,1,65dedb699bef090bb07b04f2,test_profile_id76,test_user_id26,temp_activity_id
848,liked,1,65d732fca345eb4b3e1a8f60,test_profile_id76,test_user_id26,temp_activity_id
849,liked,1,65d5f6efe1dfe9c4ae7f5571,test_profile_id76,test_user_id26,temp_activity_id
850,liked,1,65def76b216e2e3b3c0595cc,test_profile_id76,test_user_id26,temp_activity_id
851,liked,1,65dee51c9bef090bb07b0770,test_profile_id76,test_user_id26,temp_activity_id
852,loved,2,65b7e78b71d8394e325feefa,test_profile_id76,test_user_id26,temp_activity_id
853,loved,2,65d732fca345eb4b3e1a8f60,test_profile_id76,test_user_id26,temp_activity_id
854,saved,3,65b361366932958a4f56f4ba,test_profile_id76,test_user_id26,temp_activity_id
855,bought,4,65b361366932958a4f56f4ba,test_profile_id76,test_user_id26,temp_activity_id
856,dislike,0,65dee51c9bef090bb07b0762,test_profile_id77,test_user_id27,temp_activity_id
857,dislike,0,65d5f6efe1dfe9c4ae7f5554,test_profile_id77,test_user_id27,temp_activity_id
858,liked,1,65dedb699bef090bb07b04fb,test_profile_id77,test_user_id27,temp_activity_id
859,liked,1,65dedb699bef090bb07b04e8,test_profile_id77,test_user_id27,temp_activity_id
860,liked,1,65dedb689bef090bb07b04e4,test_profile_id77,test_user_id27,temp_activity_id
861,liked,1,65d732fca345eb4b3e1a8fcc,test_profile_id77,test_user_id27,temp_activity_id
862,liked,1,65dedb689bef090bb07b04bb,test_profile_id77,test_user_id27,temp_activity_id
863,loved,2,65dedb689bef090bb07b04bb,test_profile_id77,test_user_id27,temp_activity_id
864,loved,2,65dedb689bef090bb07b04bb,test_profile_id77,test_user_id27,temp_activity_id
865,loved,2,65dedb689bef090bb07b04bb,test_profile_id77,test_user_id27,temp_activity_id
866,loved,2,65dedb689bef090bb07b04bb,test_profile_id77,test_user_id27,temp_activity_id
867,saved,3,65dedb699bef090bb07b04e8,test_profile_id77,test_user_id27,temp_activity_id
868,saved,3,65dee84e9bef090bb07b0983,test_profile_id77,test_user_id27,temp_activity_id
869,saved,3,65dedb699bef090bb07b04e8,test_profile_id77,test_user_id27,temp_activity_id
870,saved,3,65b377986932958a4f56f529,test_profile_id77,test_user_id27,temp_activity_id
871,bought,4,65dee84e9bef090bb07b0983,test_profile_id77,test_user_id27,temp_activity_id
872,dislike,0,65dee51c9bef090bb07b075a,test_profile_id78,test_user_id28,temp_activity_id
873,liked,1,65dee51c9bef090bb07b075a,test_profile_id78,test_user_id28,temp_activity_id
874,liked,1,65dedb699bef090bb07b04f2,test_profile_id78,test_user_id28,temp_activity_id
875,liked,1,65dee51c9bef090bb07b0774,test_profile_id78,test_user_id28,temp_activity_id
876,liked,1,65e6e6d5042ac4899afe24f2,test_profile_id78,test_user_id28,temp_activity_id
877,loved,2,65dee51c9bef090bb07b07ca,test_profile_id78,test_user_id28,temp_activity_id
878,loved,2,65dedb699bef090bb07b04f2,test_profile_id78,test_user_id28,temp_activity_id
879,saved,3,65def76b216e2e3b3c0595a9,test_profile_id78,test_user_id28,temp_activity_id
880,saved,3,65dee51c9bef090bb07b07ca,test_profile_id78,test_user_id28,temp_activity_id
881,bought,4,65dedb699bef090bb07b04f2,test_profile_id78,test_user_id28,temp_activity_id
882,dislike,0,65b935cc82c661c2f56325e5,test_profile_id79,test_user_id29,temp_activity_id
883,dislike,0,65b935cc82c661c2f56325e5,test_profile_id79,test_user_id29,temp_activity_id
884,liked,1,65dee51c9bef090bb07b0794,test_profile_id79,test_user_id29,temp_activity_id
885,loved,2,65d5f6efe1dfe9c4ae7f5554,test_profile_id79,test_user_id29,temp_activity_id
886,loved,2,65d5f6efe1dfe9c4ae7f5554,test_profile_id79,test_user_id29,temp_activity_id
887,loved,2,65dee51c9bef090bb07b0770,test_profile_id79,test_user_id29,temp_activity_id
888,saved,3,65dedb689bef090bb07b04a6,test_profile_id79,test_user_id29,temp_activity_id
889,saved,3,65dee51c9bef090bb07b0762,test_profile_id79,test_user_id29,temp_activity_id
890,bought,4,65dee51c9bef090bb07b0770,test_profile_id79,test_user_id29,temp_activity_id
891,dislike,0,65dedb689bef090bb07b04a3,test_profile_id80,test_user_id30,temp_activity_id
892,liked,1,65dedb689bef090bb07b04e5,test_profile_id80,test_user_id30,temp_activity_id
893,liked,1,65dedb689bef090bb07b04e5,test_profile_id80,test_user_id30,temp_activity_id
894,liked,1,65def76b216e2e3b3c0595d2,test_profile_id80,test_user_id30,temp_activity_id
895,liked,1,65d732fca345eb4b3e1a8fd4,test_profile_id80,test_user_id30,temp_activity_id
896,liked,1,65b355bd6932958a4f56f45b,test_profile_id80,test_user_id30,temp_activity_id
897,liked,1,65dedf939bef090bb07b0602,test_profile_id80,test_user_id30,temp_activity_id
898,loved,2,65b361366932958a4f56f4ba,test_profile_id80,test_user_id30,temp_activity_id
899,loved,2,65b361366932958a4f56f4ba,test_profile_id80,test_user_id30,temp_activity_id
900,loved,2,65dee51c9bef090bb07b07cf,test_profile_id80,test_user_id30,temp_activity_id
901,saved,3,65dee51c9bef090bb07b07c2,test_profile_id80,test_user_id30,temp_activity_id
902,bought,4,65dedb689bef090bb07b04cf,test_profile_id80,test_user_id30,temp_activity_id
903,dislike,0,65defc71216e2e3b3c0596f7,test_profile_id81,test_user_id31,temp_activity_id
904,dislike,0,65dedf939bef090bb07b05e9,test_profile_id81,test_user_id31,temp_activity_id
905,liked,1,65defc71216e2e3b3c0596f7,test_profile_id81,test_user_id31,temp_activity_id
906,liked,1,65dedb689bef090bb07b04a7,test_profile_id81,test_user_id31,temp_activity_id
907,liked,1,65dedb689bef090bb07b04a6,test_profile_id81,test_user_id31,temp_activity_id
908,loved,2,65dee51c9bef090bb07b0770,test_profile_id81,test_user_id31,temp_activity_id
909,loved,2,65b935cc82c661c2f56325e5,test_profile_id81,test_user_id31,temp_activity_id
910,saved,3,65dee51c9bef090bb07b0770,test_profile_id81,test_user_id31,temp_activity_id
911,bought,4,65dedb689bef090bb07b04a7,test_profile_id81,test_user_id31,temp_activity_id
912,dislike,0,65df0916216e2e3b3c059b66,test_profile_id82,test_user_id32,temp_activity_id
913,liked,1,65dedb689bef090bb07b04c4,test_profile_id82,test_user_id32,temp_activity_id
914,liked,1,65dedb689bef090bb07b049d,test_profile_id82,test_user_id32,temp_activity_id
915,loved,2,65d732fca345eb4b3e1a8fd5,test_profile_id82,test_user_id32,temp_activity_id
916,loved,2,65d732fca345eb4b3e1a8fd5,test_profile_id82,test_user_id32,temp_activity_id
917,saved,3,65deec86216e2e3b3c059433,test_profile_id82,test_user_id32,temp_activity_id
918,bought,4,65deec86216e2e3b3c059433,test_profile_id82,test_user_id32,temp_activity_id
919,dislike,0,65b3549f6932958a4f56f453,test_profile_id83,test_user_id33,temp_activity_id
920,liked,1,65dee84e9bef090bb07b0977,test_profile_id83,test_user_id33,temp_activity_id
921,liked,1,65b353cf6932958a4f56f449,test_profile_id83,test_user_id33,temp_activity_id
922,liked,1,65df0916216e2e3b3c059b46,test_profile_id83,test_user_id33,temp_activity_id
923,liked,1,65dedb689bef090bb07b04ba,test_profile_id83,test_user_id33,temp_activity_id
924,liked,1,65f1f4b66a26a70c378100c5,test_profile_id83,test_user_id33,temp_activity_id
925,liked,1,65defc71216e2e3b3c059704,test_profile_id83,test_user_id33,temp_activity_id
926,loved,2,65df02c3216e2e3b3c05999c,test_profile_id83,test_user_id33,temp_activity_id
927,loved,2,65b93c9182c661c2f5632667,test_profile_id83,test_user_id33,temp_activity_id
928,loved,2,65f1f4b66a26a70c378100c5,test_profile_id83,test_user_id33,temp_activity_id
929,saved,3,65b353cf6932958a4f56f449,test_profile_id83,test_user_id33,temp_activity_id
930,saved,3,65defc71216e2e3b3c05972d,test_profile_id83,test_user_id33,temp_activity_id
931,bought,4,65b353cf6932958a4f56f449,test_profile_id83,test_user_id33,temp_activity_id
932,dislike,0,65dedf939bef090bb07b05f3,test_profile_id84,test_user_id34,temp_activity_id
933,dislike,0,65defc71216e2e3b3c059786,test_profile_id84,test_user_id34,temp_activity_id
934,liked,1,65d732fca345eb4b3e1a8f73,test_profile_id84,test_user_id34,temp_activity_id
935,liked,1,65d732fca345eb4b3e1a8f6e,test_profile_id84,test_user_id34,temp_activity_id
936,liked,1,65dee84e9bef090bb07b0973,test_profile_id84,test_user_id34,temp_activity_id
937,liked,1,65d732fca345eb4b3e1a8f61,test_profile_id84,test_user_id34,temp_activity_id
938,loved,2,65d732fca345eb4b3e1a8f73,test_profile_id84,test_user_id34,temp_activity_id
939,loved,2,65d732fca345eb4b3e1a8f68,test_profile_id84,test_user_id34,temp_activity_id
940,loved,2,65df0916216e2e3b3c059ac4,test_profile_id84,test_user_id34,temp_activity_id
941,saved,3,65d732fca345eb4b3e1a8f73,test_profile_id84,test_user_id34,temp_activity_id
942,saved,3,65d732fca345eb4b3e1a8f68,test_profile_id84,test_user_id34,temp_activity_id
943,saved,3,65d732fca345eb4b3e1a8f73,test_profile_id84,test_user_id34,temp_activity_id
944,saved,3,65d732fca345eb4b3e1a8f73,test_profile_id84,test_user_id34,temp_activity_id
945,bought,4,65d732fca345eb4b3e1a8f5e,test_profile_id84,test_user_id34,temp_activity_id
946,dislike,0,65defc71216e2e3b3c05970d,test_profile_id85,test_user_id35,temp_activity_id
947,dislike,0,65def76b216e2e3b3c0595cc,test_profile_id85,test_user_id35,temp_activity_id
948,liked,1,65dedb689bef090bb07b04e5,test_profile_id85,test_user_id35,temp_activity_id
949,liked,1,65d5f6efe1dfe9c4ae7f5571,test_profile_id85,test_user_id35,temp_activity_id
950,liked,1,65b7e78b71d8394e325feefa,test_profile_id85,test_user_id35,temp_activity_id
951,liked,1,65b935cc82c661c2f56325e5,test_profile_id85,test_user_id35,temp_activity_id
952,liked,1,65def76b216e2e3b3c0595a7,test_profile_id85,test_user_id35,temp_activity_id
953,liked,1,65dee84e9bef090bb07b0982,test_profile_id85,test_user_id35,temp_activity_id
954,liked,1,65dedb699bef090bb07b04ee,test_profile_id85,test_user_id35,temp_activity_id
955,loved,2,65b361366932958a4f56f4ba,test_profile_id85,test_user_id35,temp_activity_id
956,loved,2,65def76b216e2e3b3c0595a5,test_profile_id85,test_user_id35,temp_activity_id
957,loved,2,65def76b216e2e3b3c0595a5,test_profile_id85,test_user_id35,temp_activity_id
958,saved,3,65b361366932958a4f56f4ba,test_profile_id85,test_user_id35,temp_activity_id
959,saved,3,65b361366932958a4f56f4ba,test_profile_id85,test_user_id35,temp_activity_id
960,bought,4,65b361366932958a4f56f4ba,test_profile_id85,test_user_id35,temp_activity_id
961,dislike,0,65df0916216e2e3b3c059b16,test_profile_id86,test_user_id36,temp_activity_id
962,liked,1,65d732fca345eb4b3e1a8fa1,test_profile_id86,test_user_id36,temp_activity_id
963,liked,1,65dee84e9bef090bb07b096f,test_profile_id86,test_user_id36,temp_activity_id
964,loved,2,65dee84e9bef090bb07b096f,test_profile_id86,test_user_id36,temp_activity_id
965,loved,2,65dedf939bef090bb07b0610,test_profile_id86,test_user_id36,temp_activity_id
966,loved,2,65def76b216e2e3b3c05956d,test_profile_id86,test_user_id36,temp_activity_id
967,saved,3,65dee51c9bef090bb07b073a,test_profile_id86,test_user_id36,temp_activity_id
968,bought,4,65def76b216e2e3b3c0595d8,test_profile_id86,test_user_id36,temp_activity_id
969,dislike,0,65dee84e9bef090bb07b0996,test_profile_id87,test_user_id37,temp_activity_id
970,liked,1,65df02c3216e2e3b3c059956,test_profile_id87,test_user_id37,temp_activity_id
971,liked,1,65df0916216e2e3b3c059aeb,test_profile_id87,test_user_id37,temp_activity_id
972,loved,2,65df0916216e2e3b3c059b05,test_profile_id87,test_user_id37,temp_activity_id
973,saved,3,65df0916216e2e3b3c059abb,test_profile_id87,test_user_id37,temp_activity_id
974,saved,3,65b938a782c661c2f563261f,test_profile_id87,test_user_id37,temp_activity_id
975,saved,3,65df0916216e2e3b3c059b63,test_profile_id87,test_user_id37,temp_activity_id
976,bought,4,65df0916216e2e3b3c059abb,test_profile_id87,test_user_id37,temp_activity_id
977,dislike,0,65dee51c9bef090bb07b07aa,test_profile_id88,test_user_id38,temp_activity_id
978,liked,1,65defc71216e2e3b3c0596f8,test_profile_id88,test_user_id38,temp_activity_id
979,liked,1,65dedf939bef090bb07b05ef,test_profile_id88,test_user_id38,temp_activity_id
980,liked,1,65defe2e216e2e3b3c0598c4,test_profile_id88,test_user_id38,temp_activity_id
981,loved,2,65def76b216e2e3b3c05956e,test_profile_id88,test_user_id38,temp_activity_id
982,loved,2,65dedf939bef090bb07b05ef,test_profile_id88,test_user_id38,temp_activity_id
983,saved,3,65b3563e6932958a4f56f463,test_profile_id88,test_user_id38,temp_activity_id
984,bought,4,65dedf939bef090bb07b05ee,test_profile_id88,test_user_id38,temp_activity_id
985,dislike,0,65df02c3216e2e3b3c059950,test_profile_id89,test_user_id39,temp_activity_id
986,liked,1,65df0916216e2e3b3c059b54,test_profile_id89,test_user_id39,temp_activity_id
987,liked,1,65df0916216e2e3b3c059b6c,test_profile_id89,test_user_id39,temp_activity_id
988,liked,1,65b379eb6932958a4f56f541,test_profile_id89,test_user_id39,temp_activity_id
989,liked,1,65b2641a6932958a4f56f430,test_profile_id89,test_user_id39,temp_activity_id
990,liked,1,65c36d5119e0a75738b25fc6,test_profile_id89,test_user_id39,temp_activity_id
991,liked,1,65b379eb6932958a4f56f541,test_profile_id89,test_user_id39,temp_activity_id
992,liked,1,65df02c3216e2e3b3c059995,test_profile_id89,test_user_id39,temp_activity_id
993,loved,2,65def76b216e2e3b3c05957f,test_profile_id89,test_user_id39,temp_activity_id
994,loved,2,65df02c3216e2e3b3c05998c,test_profile_id89,test_user_id39,temp_activity_id
995,loved,2,65dedb689bef090bb07b04be,test_profile_id89,test_user_id39,temp_activity_id
996,saved,3,65dedb689bef090bb07b04d2,test_profile_id89,test_user_id39,temp_activity_id
997,bought,4,65dedb689bef090bb07b04d2,test_profile_id89,test_user_id39,temp_activity_id
998,dislike,0,65def76b216e2e3b3c05957d,test_profile_id90,test_user_id40,temp_activity_id
999,liked,1,65df0916216e2e3b3c059ae1,test_profile_id90,test_user_id40,temp_activity_id
1000,liked,1,65df0916216e2e3b3c059af0,test_profile_id90,test_user_id40,temp_activity_id
1001,liked,1,65df0916216e2e3b3c059af0,test_profile_id90,test_user_id40,temp_activity_id
1002,liked,1,65defc71216e2e3b3c059717,test_profile_id90,test_user_id40,temp_activity_id
1003,loved,2,65df0916216e2e3b3c059af0,test_profile_id90,test_user_id40,temp_activity_id
1004,saved,3,65df0916216e2e3b3c059af5,test_profile_id90,test_user_id40,temp_activity_id
1005,saved,3,65b36cb86932958a4f56f4f5,test_profile_id90,test_user_id40,temp_activity_id
1006,saved,3,65df0916216e2e3b3c059af5,test_profile_id90,test_user_id40,temp_activity_id
1007,bought,4,65b93e0f82c661c2f5632685,test_profile_id90,test_user_id40,temp_activity_id
1008,dislike,0,65dee51c9bef090bb07b07b8,test_profile_id91,test_user_id41,temp_activity_id
1009,liked,1,65dee51c9bef090bb07b079c,test_profile_id91,test_user_id41,temp_activity_id
1010,liked,1,65dee84e9bef090bb07b095f,test_profile_id91,test_user_id41,temp_activity_id
1011,liked,1,65defc71216e2e3b3c059727,test_profile_id91,test_user_id41,temp_activity_id
1012,liked,1,65dee84e9bef090bb07b0962,test_profile_id91,test_user_id41,temp_activity_id
1013,liked,1,65dee51c9bef090bb07b07c0,test_profile_id91,test_user_id41,temp_activity_id
1014,loved,2,65dedb689bef090bb07b04c9,test_profile_id91,test_user_id41,temp_activity_id
1015,loved,2,65defc71216e2e3b3c059727,test_profile_id91,test_user_id41,temp_activity_id
1016,loved,2,65d732fca345eb4b3e1a8f2c,test_profile_id91,test_user_id41,temp_activity_id
1017,saved,3,65dee51c9bef090bb07b079c,test_profile_id91,test_user_id41,temp_activity_id
1018,bought,4,65defc71216e2e3b3c059727,test_profile_id91,test_user_id41,temp_activity_id
1019,dislike,0,65dee84e9bef090bb07b0959,test_profile_id92,test_user_id42,temp_activity_id
1020,liked,1,65dee51c9bef090bb07b0762,test_profile_id92,test_user_id42,temp_activity_id
1021,liked,1,65dee51c9bef090bb07b0762,test_profile_id92,test_user_id42,temp_activity_id
1022,loved,2,65dedb689bef090bb07b04c4,test_profile_id92,test_user_id42,temp_activity_id
1023,saved,3,65dedb689bef090bb07b04c4,test_profile_id92,test_user_id42,temp_activity_id
1024,saved,3,65dedb689bef090bb07b04c4,test_profile_id92,test_user_id42,temp_activity_id
1025,saved,3,65dedb689bef090bb07b04c4,test_profile_id92,test_user_id42,temp_activity_id
1026,saved,3,65deec86216e2e3b3c05941c,test_profile_id92,test_user_id42,temp_activity_id
1027,bought,4,65dedb689bef090bb07b04c4,test_profile_id92,test_user_id42,temp_activity_id
1028,dislike,0,65df02c3216e2e3b3c05998d,test_profile_id93,test_user_id43,temp_activity_id
1029,dislike,0,65b3788c6932958a4f56f531,test_profile_id93,test_user_id43,temp_activity_id
1030,liked,1,65dedf939bef090bb07b05e4,test_profile_id93,test_user_id43,temp_activity_id
1031,loved,2,65b379eb6932958a4f56f541,test_profile_id93,test_user_id43,temp_activity_id
1032,loved,2,65eaf56268da66ad9a3a028d,test_profile_id93,test_user_id43,temp_activity_id
1033,loved,2,65dedb689bef090bb07b04d2,test_profile_id93,test_user_id43,temp_activity_id
1034,saved,3,65e6e5d3042ac4899afe24e5,test_profile_id93,test_user_id43,temp_activity_id
1035,saved,3,65e6e5d3042ac4899afe24e5,test_profile_id93,test_user_id43,temp_activity_id
1036,saved,3,65dedb689bef090bb07b04d2,test_profile_id93,test_user_id43,temp_activity_id
1037,bought,4,65b935cc82c661c2f56325e5,test_profile_id93,test_user_id43,temp_activity_id
1038,dislike,0,65df0916216e2e3b3c059ac2,test_profile_id94,test_user_id44,temp_activity_id
1039,dislike,0,65df0916216e2e3b3c059ab9,test_profile_id94,test_user_id44,temp_activity_id
1040,liked,1,65dee51c9bef090bb07b07cf,test_profile_id94,test_user_id44,temp_activity_id
1041,loved,2,65dee51c9bef090bb07b07b9,test_profile_id94,test_user_id44,temp_activity_id
1042,saved,3,65dee51c9bef090bb07b07b1,test_profile_id94,test_user_id44,temp_activity_id
1043,saved,3,65dee51c9bef090bb07b07b1,test_profile_id94,test_user_id44,temp_activity_id
1044,bought,4,65dee51c9bef090bb07b07a0,test_profile_id94,test_user_id44,temp_activity_id
1045,dislike,0,65d732fca345eb4b3e1a8f5e,test_profile_id95,test_user_id45,temp_activity_id
1046,dislike,0,65deec86216e2e3b3c059420,test_profile_id95,test_user_id45,temp_activity_id
1047,liked,1,65d732fca345eb4b3e1a8fd5,test_profile_id95,test_user_id45,temp_activity_id
1048,liked,1,65dee51c9bef090bb07b076e,test_profile_id95,test_user_id45,temp_activity_id
1049,liked,1,65d732fca345eb4b3e1a8fa4,test_profile_id95,test_user_id45,temp_activity_id
1050,loved,2,65defe2e216e2e3b3c0598bd,test_profile_id95,test_user_id45,temp_activity_id
1051,saved,3,65defc71216e2e3b3c059755,test_profile_id95,test_user_id45,temp_activity_id
1052,bought,4,65defc71216e2e3b3c059755,test_profile_id95,test_user_id45,temp_activity_id
1053,dislike,0,65defc71216e2e3b3c059724,test_profile_id96,test_user_id46,temp_activity_id
1054,liked,1,65df0916216e2e3b3c059afb,test_profile_id96,test_user_id46,temp_activity_id
1055,liked,1,65df0916216e2e3b3c059af0,test_profile_id96,test_user_id46,temp_activity_id
1056,liked,1,65dee51c9bef090bb07b079b,test_profile_id96,test_user_id46,temp_activity_id
1057,liked,1,65defc71216e2e3b3c059724,test_profile_id96,test_user_id46,temp_activity_id
1058,liked,1,65dee51c9bef090bb07b07aa,test_profile_id96,test_user_id46,temp_activity_id
1059,liked,1,65dee84e9bef090bb07b0955,test_profile_id96,test_user_id46,temp_activity_id
1060,loved,2,65df02c3216e2e3b3c05996d,test_profile_id96,test_user_id46,temp_activity_id
1061,saved,3,65c25e8ab70abd578178d325,test_profile_id96,test_user_id46,temp_activity_id
1062,saved,3,65defc71216e2e3b3c05971f,test_profile_id96,test_user_id46,temp_activity_id
1063,saved,3,65df0916216e2e3b3c059ae1,test_profile_id96,test_user_id46,temp_activity_id
1064,bought,4,65defc71216e2e3b3c059716,test_profile_id96,test_user_id46,temp_activity_id
1065,dislike,0,65dedb689bef090bb07b04b4,test_profile_id97,test_user_id47,temp_activity_id
1066,liked,1,65dedf939bef090bb07b05f4,test_profile_id97,test_user_id47,temp_activity_id
1067,liked,1,65d5f6efe1dfe9c4ae7f5571,test_profile_id97,test_user_id47,temp_activity_id
1068,loved,2,65dedf939bef090bb07b05e1,test_profile_id97,test_user_id47,temp_activity_id
1069,loved,2,65dee51c9bef090bb07b07a2,test_profile_id97,test_user_id47,temp_activity_id
1070,loved,2,65dee51c9bef090bb07b073f,test_profile_id97,test_user_id47,temp_activity_id
1071,saved,3,65b77b730154fd0c1818c74b,test_profile_id97,test_user_id47,temp_activity_id
1072,saved,3,65dedf939bef090bb07b05f5,test_profile_id97,test_user_id47,temp_activity_id
1073,saved,3,65dedf939bef090bb07b05f5,test_profile_id97,test_user_id47,temp_activity_id
1074,bought,4,65b77b730154fd0c1818c74b,test_profile_id97,test_user_id47,temp_activity_id
1075,dislike,0,65b9423e82c661c2f56326bc,test_profile_id98,test_user_id48,temp_activity_id
1076,dislike,0,65dedf939bef090bb07b05c7,test_profile_id98,test_user_id48,temp_activity_id
1077,liked,1,65dee84e9bef090bb07b0995,test_profile_id98,test_user_id48,temp_activity_id
1078,liked,1,65d5f6efe1dfe9c4ae7f5564,test_profile_id98,test_user_id48,temp_activity_id
1079,loved,2,65defc71216e2e3b3c059700,test_profile_id98,test_user_id48,temp_activity_id
1080,loved,2,65dee51c9bef090bb07b0746,test_profile_id98,test_user_id48,temp_activity_id
1081,saved,3,65dedb699bef090bb07b04e8,test_profile_id98,test_user_id48,temp_activity_id
1082,saved,3,65dedb699bef090bb07b04e8,test_profile_id98,test_user_id48,temp_activity_id
1083,saved,3,65d5f6efe1dfe9c4ae7f5582,test_profile_id98,test_user_id48,temp_activity_id
1084,saved,3,65dedf939bef090bb07b05da,test_profile_id98,test_user_id48,temp_activity_id
1085,bought,4,65d5f6efe1dfe9c4ae7f5582,test_profile_id98,test_user_id48,temp_activity_id
1086,dislike,0,65dee84e9bef090bb07b0977,test_profile_id99,test_user_id49,temp_activity_id
1087,dislike,0,65dee84e9bef090bb07b0977,test_profile_id99,test_user_id49,temp_activity_id
1088,liked,1,65d5f6efe1dfe9c4ae7f5573,test_profile_id99,test_user_id49,temp_activity_id
1089,liked,1,65f1f4b66a26a70c378100c5,test_profile_id99,test_user_id49,temp_activity_id
1090,liked,1,65b932c482c661c2f56325c7,test_profile_id99,test_user_id49,temp_activity_id
1091,loved,2,65b932c482c661c2f56325c7,test_profile_id99,test_user_id49,temp_activity_id
1092,loved,2,65c32972b70abd578178d351,test_profile_id99,test_user_id49,temp_activity_id
1093,loved,2,65defe2e216e2e3b3c0598ca,test_profile_id99,test_user_id49,temp_activity_id
1094,loved,2,65defe2e216e2e3b3c0598c5,test_profile_id99,test_user_id49,temp_activity_id
1095,saved,3,65defe2e216e2e3b3c0598c5,test_profile_id99,test_user_id49,temp_activity_id
1096,saved,3,65f1f4b66a26a70c378100c5,test_profile_id99,test_user_id49,temp_activity_id
1097,saved,3,65defe2e216e2e3b3c0598c5,test_profile_id99,test_user_id49,temp_activity_id
1098,bought,4,65b932c482c661c2f56325c7,test_profile_id99,test_user_id49,temp_activity_id
